,,,,,,,,,,,,,,,,,,,
,,,,,,BUSQUEDA,,,,,,,,,,,,,
,,,,,,,,,,,,,,,,,,,
,,,,,,,,,,,,,,,,,,,
,ONLINE,INTERNACIONAL,PROVEEDOR,PAIS,ESTADO,MUNICIPIO,,CATEGORIA,ID,NOMBRE DE LA EMPRESA,,HASHTAGS,PROMO,WHATSAPP,FACEBOOK,INSTAGRAM,TIKTOK,SITIO WEB,
01,También Online,SI,SI,Argentina,CABA,Buenos Aires,,Moda femenina,E001,Rapsodia,,#RapsodiaOficial #BohoChic #ModaArgentina #RapsodiaArg,10% OFF en tu primera compra suscribiéndote al newsletter,,https://wa.me/5491168127277,https://www.facebook.com/RapsodiaOficial,https://www.instagram.com/rapsodiaoficial,https://www.tiktok.com/@rapsodiaoficial,https://www.rapsodia.com.ar
02,También Online,SI,SI,Argentina,CABA,Buenos Aires,,Moda femenina,E002,Jazmín Chebar,,#JazminChebar #ModaDeAutor #DisenoArgentino #JazminStyle,Hasta 3 cuotas sin interés en compras seleccionadas,,https://wa.me/5491128765296,https://www.facebook.com/JazminChebarOficial,https://www.instagram.com/jazminchebar,https://www.tiktok.com/@jazminchebaroficial,https://www.jazminchebar.com.ar
03,También Online,SI,SI,Argentina,CABA,Buenos Aires,,Calzado y Marroquinería,E003,Prüne,,#PruneArgentina #CarterasDeCuero #CalzadoFemenino #PruneShoes,Envío gratis en compras superiores a $120.000,,https://wa.me/5491157827863,https://www.facebook.com/Pruneargentina,https://www.instagram.com/pruneoficial,https://www.tiktok.com/@pruneoficial,https://www.prune.com.ar
04,También Online,SI,NO,Argentina,CABA,Buenos Aires,,Cosmética y Cuidado Personal,E004,Get The Look,,#GetTheLookArg #BeautyCare #MaquillajeArg #SkincareTips,Hasta 40% OFF en productos seleccionados de belleza,,https://wa.me/5491162438888,https://www.facebook.com/GetTheLookArg,https://www.instagram.com/getthelookar,https://www.tiktok.com/@getthelookar,https://www.getthelook.com.ar
05,También Online,SI,SI,Argentina,CABA,Buenos Aires,,Joyería y Accesorios,E005,Isadora,,#IsadoraStyle #AccesoriosDeModa #JoyeriaArg #IsadoraWomen,3x2 en accesorios y bijou de temporada seleccionada,,https://wa.me/5491151685800,https://www.facebook.com/IsadoraArg,https://www.instagram.com/isadoraonline,https://www.tiktok.com/@isadora_online,https://www.isadoraonline.com
06,También Online,SI,SI,Argentina,CABA,Buenos Aires,,Joyería y Accesorios,E006,Todomoda,,#TodomodaBeauty #AccesoriosTeen #ModaUrbana #TodomodaArg,15% OFF abonando con transferencia bancaria,,https://wa.me/5491151685801,https://www.facebook.com/TodomodaArg,https://www.instagram.com/todomodaoficial,https://www.tiktok.com/@todomodaarg,https://ar.todomoda.com
07,También Online,SI,SI,Argentina,CABA,Buenos Aires,,Moda femenina,E007,Paula Cahen D'Anvers,,#PaulaCahenDanvers #EstiloClasico #ModaMujer #ClassicStyle,Hasta 6 cuotas sin interés en toda la colección,,https://wa.me/5491138804444,https://www.facebook.com/paulacahendanversoficial,https://www.instagram.com/paulacahendanvers,https://www.tiktok.com/@paulacahendanvers,https://www.paulacahendanvers.com.ar
08,También Online,SI,SI,Argentina,CABA,Buenos Aires,,Moda femenina,E008,Cher,,#CherArgentina #MariaCher #ContemporaryFashion #ModaDeAutor,10% de descuento en el primer pedido vía web,,https://wa.me/5491165203300,https://www.facebook.com/CherOfficial,https://www.instagram.com/cheroficial,https://www.tiktok.com/@cher.oficial,https://www.maria-cher.com.ar
09,También Online,NO,SI,Argentina,CABA,Buenos Aires,,Moda femenina,E009,Kosiuko,,#KosiukoOfficial #DenimVibes #KSUK #ModaUrbanaArg,3 cuotas sin interés y envío gratis a partir de $150.000,,https://wa.me/5491150318000,https://www.facebook.com/KosiukoOficial,https://www.instagram.com/kosiukooficial,https://www.tiktok.com/@kosiukooficial,https://www.kosiuko.com
10,También Online,SI,SI,Argentina,CABA,Buenos Aires,,Calzado,E010,Sarkany,,#SarkanyOficial #CalzadoArgentino #ZapatosDeAutor #RickySarkany,Hasta 20% OFF pagando con transferencia,,https://wa.me/5491136450123,https://www.facebook.com/SarkanyOficial,https://www.instagram.com/rickysarkany,https://www.tiktok.com/@sarkanyoficial,https://www.rickysarkany.com
11,También Online,SI,SI,Argentina,CABA,Buenos Aires,,Calzado y Marroquinería,E011,Blaquè,,#BlaqueArgentina #CarterasYCalzado #MarroquineriaFina #BlaqueStyle,Envío gratis en compras mayores a $110.000,,https://wa.me/5491133334545,https://www.facebook.com/BlaqueArgentina,https://www.instagram.com/blaqueoficial,https://www.tiktok.com/@blaqueoficial,https://www.blaque.com.ar
12,También Online,SI,SI,Argentina,CABA,Buenos Aires,,Decoración del hogar,E012,Morph,,#MorphArgentina #DecoDesign #BazarModerno #HomeDecorArg,10% OFF pagando al contado o transferencia bancaria,,https://wa.me/5491167901111,https://www.facebook.com/MorphArgentina,https://www.instagram.com/morphargentina,https://www.tiktok.com/@morphargentina,https://www.morph.com.ar
13,También Online,SI,SI,Argentina,CABA,Buenos Aires,,Moda infantil,E013,Mimo & Co,,#MimoAndCo #ModaInfantil #KidsFashionArg #RopaDeNinos,Hasta 3 cuotas sin interés y envío gratis desde $100.000,,https://wa.me/5491147118000,https://www.facebook.com/mimoyco,https://www.instagram.com/mimoandcooficial,https://www.tiktok.com/@mimoandcooficial,https://www.mimo.com.ar
14,También Online,SI,SI,Argentina,CABA,Buenos Aires,,Moda infantil,E014,Cheeky,,#CheekyArgentina #KidsStyle #ModaParaChicos #CheekyKids,15% OFF en tu primera compra suscribiéndote al newsletter,,https://wa.me/5491150002433,https://www.facebook.com/CheekyArgentina,https://www.instagram.com/cheekyargentina,https://www.tiktok.com/@cheekyargentina,https://www.cheeky.com.ar
15,También Online,SI,SI,Argentina,CABA,Buenos Aires,,Moda femenina,E015,Portsaid,,#PortsaidOficial #ModaUrbana #ClassicWomen #LookPortsaid,Hasta 35% de descuento en ítems seleccionados de temporada,,https://wa.me/5491122409090,https://www.facebook.com/PortsaidOficial,https://www.instagram.com/portsaidoficial,https://www.tiktok.com/@portsaidoficial,https://www.portsaid.com.ar
16,También Online,NO,SI,Argentina,CABA,Buenos Aires,,Moda femenina,E016,Desiderata,,#DesiderataModa #PowerDressing #TendenciasArg #DesiderataLook,Envío gratis en compras mayores a $130.000,,https://wa.me/5491136502200,https://www.facebook.com/DesiderataModa,https://www.instagram.com/desideratamoda,https://www.tiktok.com/@desideratamoda,https://www.desiderata.com.ar
17,También Online,SI,SI,Argentina,CABA,Buenos Aires,,Cosmética y Cuidado Personal,E017,ACF Masks,,#ACFBeauty #SkincareArg #MascarillasFaciales #ACFMasks,20% de descuento en el primer pedido con cupón de registro,,https://wa.me/5491126117474,https://www.facebook.com/acfmasks,https://www.instagram.com/acfmasks,https://www.tiktok.com/@acfmasks,https://www.acfmasks.com
18,También Online,SI,SI,Argentina,CABA,Buenos Aires,,Cosmética y Cuidado Personal,E018,The Mash Store,,#TheMashStore #CleanBeautyArg #CosmeticaSolida #SkincareConsciente,Envío gratis a todo el país superando los $80.000,,https://wa.me/5491131109922,https://www.facebook.com/themashstorearg,https://www.instagram.com/themashstore,https://www.tiktok.com/@themashstore,https://www.themashstore.com.ar
19,También Online,SI,SI,Argentina,CABA,Buenos Aires,,Joyería y Accesorios,E019,Luna Garzón,,#LunaGarzon #AccesoriosArg #JoyeriaContemporanea #LunaGarzonAccesorios,15% OFF abonando mediante transferencia bancaria,,https://wa.me/5491148113421,https://www.facebook.com/lunagarzonaccesorios,https://www.instagram.com/lunagarzonaccesorios,https://www.tiktok.com/@lunagarzonaccesorios,https://www.lunagarzon.com.ar
20,También Online,SI,SI,Argentina,CABA,Buenos Aires,,Decoración del hogar,E020,Arredo,,#ArredoHogar #DecoracionTextil #CrearHogar #ArredoArg,Hasta 30% OFF en sábanas y acolchados de invierno,,https://wa.me/5491160002773,https://www.facebook.com/ArredoHogar,https://www.instagram.com/arredo.ar,https://www.tiktok.com/@arredo_ar,https://www.arredo.com.ar
21,También Online,SI,SI,Argentina,CABA,Buenos Aires,,Decoración del hogar,E021,Reina Batata,,#ReinaBatata #BazarBoutique #DecoKitchen #BazarArg,6 cuotas sin interés en vajilla y cristalería seleccionada,,https://wa.me/5491135008000,https://www.facebook.com/reinabatatabazar,https://www.instagram.com/reinabatatabazar,https://www.tiktok.com/@reinabatatabazar,https://www.reinabatata.com.ar
22,También Online,NO,SI,Argentina,Córdoba,Córdoba,,Moda femenina,E022,Silenzio,,#SilenzioModa #ModaCordoba #TendenciasSilenzio #MujerSilenzio,3 cuotas sin interés y envíos sin cargo desde $100.000,,https://wa.me/5493517001122,https://www.facebook.com/SilenzioModa,https://www.instagram.com/silenzioargentina,https://www.tiktok.com/@silenzioargentina,https://www.silenzio.com.ar
23,También Online,SI,SI,Argentina,Córdoba,Córdoba,,Calzado,E023,Batistella,,#CalzadosBatistella #ZapatosCordoba #CalzadoDeCuero #Batistella,Hasta 25% OFF en calzado de media estación seleccionado,,https://wa.me/5493512334455,https://www.facebook.com/calzadosbatistella,https://www.instagram.com/calzadosbatistella,https://www.tiktok.com/@calzadosbatistella,https://www.calzadosbatistella.com.ar
24,También Online,NO,SI,Argentina,Córdoba,Córdoba,,Decoración del hogar,E024,Bendito Bazar,,#BenditoBazar #DecoCordoba #DisenoInterior #BazarChic,10% extra abonando en efectivo o por transferencia,,https://wa.me/5493516557788,https://www.facebook.com/benditobazarok,https://www.instagram.com/benditobazar,https://www.tiktok.com/@benditobazar,https://www.benditobazar.com.ar
25,También Online,SI,SI,Argentina,Santa Fe,Rosario,,Moda femenina,E025,Vitamina,,#VitaminaArgentina #UrbanTailoring #ModaRosario #VitaminaArg,10% OFF de bienvenida registrando tu email,,https://wa.me/5493414002233,https://www.facebook.com/vitaminaoficial,https://www.instagram.com/vitamina_oficial,https://www.tiktok.com/@vitamina_oficial,https://www.vitamina.com.ar
26,También Online,SI,SI,Argentina,Santa Fe,Rosario,,Calzado y Marroquinería,E026,Lady Stork,,#LadyStork #CalzadoRosario #ConfortYModa #StorkShoes,Envío gratis a todo el país en carritos mayores a $95.000,,https://wa.me/5493415118899,https://www.facebook.com/LadyStorkOficial,https://www.instagram.com/ladystorkoficial,https://www.tiktok.com/@ladystorkoficial,https://www.ladystork.com.ar
27,También Online,SI,SI,Argentina,Mendoza,Mendoza,,Cosmética y Cuidado Personal,E027,Idraet Group,,#IdraetDermopurity #Cosmeceutica #CuidadoFacial #IdraetArg,15% OFF en tu primera compra en línea,,https://wa.me/5492615003322,https://www.facebook.com/idraetdermopurity,https://www.instagram.com/idraetpromakeup,https://www.tiktok.com/@idraetdermopurity,https://www.idraetgroup.com
28,También Online,NO,SI,Argentina,CABA,Buenos Aires,,Moda femenina,E028,Uma,,#UmaModa #CueroYModa #ColeccionUma #TendenciasUma,Hasta 40% OFF en liquidación de temporada,,https://wa.me/5491156608900,https://www.facebook.com/umaoficial,https://www.instagram.com/uma_oficial_,https://www.tiktok.com/@uma_oficial,https://www.uma.com.ar
29,También Online,NO,SI,Argentina,CABA,Buenos Aires,,Moda infantil,E029,Grisino,,#GrisinoRopaParaJugar #ModaKids #ColoresGrisino #ChicosConEstilo,Hasta 3 cuotas sin interés en toda la tienda digital,,https://wa.me/5491145558900,https://www.facebook.com/grisinoargentina,https://www.instagram.com/grisino,https://www.tiktok.com/@grisino,https://www.grisino.com
30,También Online,SI,SI,Argentina,CABA,Buenos Aires,,Calzado,E030,Paruolo,,#ParuoloShoes #ZapatosFemeninos #ParuoloStyle #ModaCalzado,Envío sin costo a todo el territorio nacional desde $140.000,,https://wa.me/5491147775500,https://www.facebook.com/Paruolo,https://www.instagram.com/paruolo,https://www.tiktok.com/@paruolo,https://www.paruolo.com.ar
31,También Online,NO,SI,Argentina,CABA,Buenos Aires,,Joyería y Accesorios,E031,Pena Joyas,,#PenaJoyas #JoyeriaFina #Plata925 #JoyasArgentina,10% de descuento abonando por transferencia inmediata,,https://wa.me/5491167882211,https://www.facebook.com/penajoyas,https://www.instagram.com/penajoyas,https://www.tiktok.com/@penajoyas,https://www.penajoyas.com.ar
32,También Online,SI,SI,Argentina,CABA,Buenos Aires,,Moda femenina,E032,Mishka,,#MishkaBuenosAires #ZapatosDeDiseno #MarroquineriaDeAutor #MishkaLook,6 cuotas sin interés en toda la colección de zapatos,,https://wa.me/5491148003344,https://www.facebook.com/MishkaBA,https://www.instagram.com/mishkabuenosaires,https://www.tiktok.com/@mishkabuenosaires,https://www.mishka.com.ar
33,También Online,NO,SI,Argentina,CABA,Buenos Aires,,Moda femenina,E033,Naíma,,#NaimaFashion #DisenoFemenino #LookNaima #ModaElegante,15% OFF con suscripción a newsletter de noticias,,https://wa.me/5491132551000,https://www.facebook.com/naimaargentina,https://www.instagram.com/naimaoficial,https://www.tiktok.com/@naimaoficial,https://www.naima.com.ar
34,También Online,SI,SI,Argentina,CABA,Buenos Aires,,Cosmética y Cuidado Personal,E034,Lidherma,,#LidhermaCuidado #CienciaEnTuPiel #Dermocosmetica #Lidherma,Envío gratis en pedidos a partir de $75.000,,https://wa.me/5491147009988,https://www.facebook.com/Lidherma,https://www.instagram.com/lidherma,https://www.tiktok.com/@lidherma,https://www.lidherma.com
35,También Online,SI,SI,Argentina,CABA,Buenos Aires,,Decoración del hogar,E035,Falabella Deco,,#FalabellaHome #DecoDesign #TextilesHogar #BazarModa,Hasta 30% OFF en productos seleccionados de blanco y cama,,https://wa.me/5491152003300,https://www.facebook.com/falabellaargentina,https://www.instagram.com/falabella_ar,https://www.tiktok.com/@falabella_ar,https://www.falabella.com.ar
36,También Online,NO,SI,Argentina,CABA,Buenos Aires,,Moda femenina,E036,Las Oreiro,,#LasOreiroModa #VestidosDeFiesta #EleganciaFemenina #OreiroLook,12 cuotas sin interés en vestidos de alta noche,,https://wa.me/5491148152020,https://www.facebook.com/lasoreirooficial,https://www.instagram.com/lasoreirooficial,https://www.tiktok.com/@lasoreirooficial,https://www.lasoreiro.com
37,También Online,SI,SI,Argentina,CABA,Buenos Aires,,Calzado,E037,Grimoldi,,#GrimoldiCalzados #ConfortYCalidad #CalzadoMultimarca #Grimoldi,Envío gratis a partir de $120.000 a todo el país,,https://wa.me/5491147228800,https://www.facebook.com/grimoldioficial,https://www.instagram.com/grimoldi,https://www.tiktok.com/@grimoldi,https://www.grimoldi.com
38,También Online,SI,SI,Argentina,CABA,Buenos Aires,,Moda femenina,E038,Ver,,#PasionPorVer #ModaAccesible #TendenciaMujer #VerArgentina,3 cuotas sin interés y 10% OFF en la primera compra,,https://wa.me/5491136004455,https://www.facebook.com/verargentina,https://www.instagram.com/verargentina,https://www.tiktok.com/@verargentina,https://www.ver.com.ar
39,También Online,NO,SI,Argentina,CABA,Buenos Aires,,Moda femenina,E039,Cuesta Blanca,,#CuestaBlancaOficial #ModaUrbanaMujer #LookDeOficina #CuestaBlanca,Hasta 3 cuotas sin interés con todas las tarjetas,,https://wa.me/5491143209800,https://www.facebook.com/cuestablancaoficial,https://www.instagram.com/cuestablancaoficial,https://www.tiktok.com/@cuestablancaoficial,https://www.cuestablanca.com.ar
40,También Online,SI,SI,Argentina,CABA,Buenos Aires,,Joyería y Accesorios,E040,Santesteban,,#SantestebanJoyas #CarterasDeAutor #LujoArtesanal #Santesteban,15% OFF abonando por transferencia bancaria directa,,https://wa.me/5491148135566,https://www.facebook.com/santestebanbuenosaires,https://www.instagram.com/santesteban,https://www.tiktok.com/@santestebanoficial,https://www.santesteban.com
41,También Online,NO,SI,Argentina,CABA,Buenos Aires,,Calzado,E041,Febo,,#CalzadosFebo #FeboZapatos #ConfortUrbano #ZapatosCuero,3 cuotas sin interés y 10% de ahorro por transferencia,,https://wa.me/5491143719000,https://www.facebook.com/calzadosfebo,https://www.instagram.com/calzadosfebo,https://www.tiktok.com/@calzadosfebo,https://www.calzadosfebo.com.ar
42,También Online,SI,SI,Argentina,Córdoba,Córdoba,,Moda femenina,E042,Teorema,,#TeoremaModa #TeoremaCordoba #LookTeorema #MujerElegante,Envío bonificado en compras que superen los $90.000,,https://wa.me/5493514227788,https://www.facebook.com/teorematienda,https://www.instagram.com/teorema_oficial,https://www.tiktok.com/@teorema_oficial,https://www.teorema.com.ar
43,También Online,SI,SI,Argentina,Córdoba,Córdoba,,Joyería y Accesorios,E043,Chajá Accesorios,,#ChajaAccesorios #DisenoCordobes #JoyeriaModerna #ChajaStyle,10% de descuento en el primer carrito con registro,,https://wa.me/5493515443322,https://www.facebook.com/chajaaccesorios,https://www.instagram.com/chajaaccesorios,https://www.tiktok.com/@chajaaccesorios,https://www.chajaaccesorios.com.ar
44,También Online,NO,SI,Argentina,Santa Fe,Rosario,,Decoración del hogar,E044,Bazar San Juan,,#BazarSanJuan #DecoRosario #BazarModerno #ObjetosDeDiseno,Hasta 20% OFF en juegos de vajilla seleccionados,,https://wa.me/5493414256677,https://www.facebook.com/bazarsanjuanrosario,https://www.instagram.com/bazarsanjuan,https://www.tiktok.com/@bazarsanjuan,https://www.bazarsanjuan.com.ar
45,También Online,SI,SI,Argentina,Santa Fe,Rosario,,Moda femenina,E045,Sonder,,#SonderModa #RopaDeportivaRosario #SonderSport #IndumentariaArg,3 cuotas sin recargo y envíos sin cargo desde $85.000,,https://wa.me/5493414300055,https://www.facebook.com/sondersport,https://www.instagram.com/sondersport,https://www.tiktok.com/@sondersport,https://www.sonder.com.ar
46,También Online,SI,SI,Argentina,Mendoza,Mendoza,,Joyería y Accesorios,E046,Flor de Lis Joyas,,#FlorDeLisJoyas #JoyasMendoza #PlataDorada #DisenoCuyo,15% OFF abonando con débito o transferencia,,https://wa.me/5492614238899,https://www.facebook.com/flordelisjoyasok,https://www.instagram.com/flordelisjoyas,https://www.tiktok.com/@flordelisjoyas,https://www.flordelisjoyas.com.ar
47,También Online,NO,SI,Argentina,Mendoza,Mendoza,,Decoración del hogar,E047,Casa López Deco,,#CasaLopezMendoza #DecoHogarMendoza #MueblesYDiseno #CasaLopez,Envío sin costo dentro del Gran Mendoza desde $50.000,,https://wa.me/5492614201122,https://www.facebook.com/casalopezdeco,https://www.instagram.com/casalopezdeco,https://www.tiktok.com/@casalopezdeco,https://www.casalopez.com.ar
48,También Online,SI,SI,Argentina,CABA,Buenos Aires,,Moda femenina,E048,Tucci,,#TucciDenim #TucciOfficial #DenimFit #EstiloTucci,Hasta 30% OFF en selección de jeans y shorts,,https://wa.me/5491147789000,https://www.facebook.com/tuccioficial,https://www.instagram.com/tuccioficial,https://www.tiktok.com/@tuccioficial,https://www.tucciweb.com
49,También Online,SI,SI,Argentina,CABA,Buenos Aires,,Moda femenina,E049,Ginebra,,#GinebraBuenosAires #MicaTinelli #EstiloGinebra #RockChic,Hasta 6 cuotas sin interés en prendas de noche,,https://wa.me/5491148076633,https://www.facebook.com/ginebrabsas,https://www.instagram.com/ginebrabsas,https://www.tiktok.com/@ginebrabsas,https://www.ginebrabsas.com
50,También Online,SI,SI,Argentina,CABA,Buenos Aires,,Moda infantil,E050,Pioppa,,#PioppaKids #ModaParaBebes #PioppaOficial #ChicosElegantes,10% OFF en tu primera compra online suscribiéndote,,https://wa.me/5491147754400,https://www.facebook.com/pioppaoficial,https://www.instagram.com/pioppaoficial,https://www.tiktok.com/@pioppaoficial,https://www.pioppa.com.ar
51,También Online,SI,SI,Argentina,Córdoba,Córdoba,,Moda femenina,E051,Vero Alfie,,#VeroAlfie #BohoChic #DisenoArgentino #ModaFemenina,10% OFF en tu primera compra suscribiéndote al newsletter,,https://wa.me/5491148339456,https://www.facebook.com/veroalfie,https://www.instagram.com/veroalfie,https://www.tiktok.com/@veroalfie,https://www.veroalfie.com.ar
52,También Online,SI,SI,Argentina,Santa Fe,Rosario,,Moda femenina,E052,Awada,,#AwadaModa #SastreriaFemenina #AwadaOficial #EleganciaUrbana,Hasta 3 cuotas sin interés y envío gratis desde $130.000,,https://wa.me/5491147772323,https://www.facebook.com/awadaoficial,https://www.instagram.com/awadaoficial,https://www.tiktok.com/@awadaoficial,https://www.awada.com.ar
53,También Online,NO,SI,Argentina,Mendoza,Mendoza,,Cosmética y Cuidado Personal,E053,Biobellus,,#BiobellusCosmetica #SkincareProfesional #CuidadoFacial #Biobellus,15% de descuento abonando mediante transferencia bancaria,,https://wa.me/5491146387000,https://www.facebook.com/biobellus,https://www.instagram.com/biobellus,https://www.tiktok.com/@biobellus,https://www.biobellus.com.ar
54,También Online,SI,SI,Argentina,Buenos Aires,La Plata,,Calzado y Marroquinería,E054,Claudio Cosano Shoes,,#CosanoShoes #CalzadoDeFiesta #ZapatosDeAutor #AltaModa,Hasta 6 cuotas sin interés en calzado de fiesta,,https://wa.me/5491148151212,https://www.facebook.com/claudiocosanooficial,https://www.instagram.com/claudiocosano,https://www.tiktok.com/@claudiocosano,https://www.claudiocosano.com
55,También Online,SI,SI,Argentina,Tucumán,San Miguel de Tucumán,,Moda infantil,E055,Broer,,#BroerBebes #ModaInfantilArg #BroerOficial #RopaDeBebes,20% de descuento en la segunda unidad de bodies y pijamas,,https://wa.me/5491145551200,https://www.facebook.com/BroerOficial,https://www.instagram.com/broeroficial,https://www.tiktok.com/@broeroficial,https://www.broer.com.ar
56,También Online,SI,SI,Argentina,Salta,Salta,,Joyería y Accesorios,E056,Juanita Jo,,#JuanitaJo #CarterasYAccesorios #BolsosDeModa #JuanitaJoOficial,Envío sin cargo a todo el país en carritos mayores a $110.000,,https://wa.me/5491132219900,https://www.facebook.com/JuanitaJoOficial,https://www.instagram.com/juanitajooficial,https://www.tiktok.com/@juanitajooficial,https://www.juanitajo.com
57,También Online,NO,SI,Argentina,Buenos Aires,Mar del Plata,,Moda femenina,E057,Tascani Woman,,#TascaniWoman #LookUrbano #EstiloTascani #TendenciaModa,Hasta 35% OFF en prendas seleccionadas de temporada,,https://wa.me/5491147778989,https://www.facebook.com/TascaniOficial,https://www.instagram.com/tascani,https://www.tiktok.com/@tascani,https://www.tascani.com.ar
58,También Online,SI,SI,Argentina,Córdoba,Villa María,,Decoración del hogar,E058,Colores Deco,,#ColoresDeco #BazarModerno #DecoInterior #HogarYEstilo,10% de ahorro pagando por transferencia bancaria directa,,https://wa.me/5493534521199,https://www.facebook.com/coloresdecovm,https://www.instagram.com/coloresdeco,https://www.tiktok.com/@coloresdeco,https://www.coloresdeco.com.ar
59,También Online,SI,SI,Argentina,Santa Fe,Santa Fe,,Calzado,E059,Saverio Di Ricci,,#SaverioDiRicci #CalzadoDeCuero #ZapatosArgentinos #DiRicci,3 cuotas sin interés y envíos bonificados desde $120.000,,https://wa.me/5491148110022,https://www.facebook.com/saveriodiriccioficial,https://www.instagram.com/saveriodiricci,https://www.tiktok.com/@saveriodiricci,https://www.saveriodiricci.com
60,También Online,SI,SI,Argentina,Neuquén,Neuquén,,Cosmética y Cuidado Personal,E060,Veganis,,#VeganisCosmetics #CosmeticaVegana #CrueltyFreeArg #CuidadoCorporal,20% OFF en kits corporales y faciales seleccionados,,https://wa.me/5491147135500,https://www.facebook.com/veganisoficial,https://www.instagram.com/veganisoficial,https://www.tiktok.com/@veganisoficial,https://www.veganis.com.ar
61,También Online,NO,SI,Argentina,Mendoza,San Rafael,,Joyería y Accesorios,E061,Le Loup,,#LeLoupShoes #CalzadoDeDiseno #BailarinasDeCuero #LeLoupArg,15% OFF en la primera compra suscribiéndote al club Le Loup,,https://wa.me/5491148018900,https://www.facebook.com/leloupbuenosaires,https://www.instagram.com/leloupoficial,https://www.tiktok.com/@leloupoficial,https://www.leloup.com.ar
62,También Online,SI,SI,Argentina,Entre Ríos,Paraná,,Moda femenina,E062,Wanama,,#WanamaOficial #BohoStyle #ModaArgentina #WanamaWoman,Hasta 6 cuotas sin interés en toda la colección,,https://wa.me/5491152778000,https://www.facebook.com/WanamaOficial,https://www.instagram.com/wanamaoficial,https://www.tiktok.com/@wanamaoficial,https://www.wanama.com.ar
63,También Online,SI,SI,Argentina,San Juan,San Juan,,Moda femenina,E063,Markova,,#MarkovaModa #SastreriaFemenina #ModaEjecutiva #MarkovaOficial,10% extra por transferencia bancaria en todas tus compras,,https://wa.me/5491147098877,https://www.facebook.com/MarkovaOficial,https://www.instagram.com/markovaoficial,https://www.tiktok.com/@markovaoficial,https://www.markova.com
64,También Online,SI,SI,Argentina,Corrientes,Corrientes,,Decoración del hogar,E064,Landmark,,#LandmarkHogar #DecoracionDeLujo #MobiliarioContemporaneo #LandmarkDeco,Hasta 30% OFF en alfombras y luminarias seleccionadas,,https://wa.me/5491147889900,https://www.facebook.com/landmarkoficial,https://www.instagram.com/landmark_ar,https://www.tiktok.com/@landmark_ar,https://www.landmark.com.ar
65,También Online,SI,SI,Argentina,Chaco,Resistencia,,Moda infantil,E065,Cocot & Dufour Kids,,#CocotKids #RopaParaChicos #ComodidadInfantil #CocotArg,3x2 en bombachas y medias para chicos,,https://wa.me/5491143085500,https://www.facebook.com/CocotOficial,https://www.instagram.com/cocotonline,https://www.tiktok.com/@cocotonline,https://www.cocot.com.ar
66,También Online,SI,SI,Argentina,Córdoba,Río Cuarto,,Calzado y Marroquinería,E066,XL Extra Large,,#XLExtraLarge #CarterasXL #BolsosYAccesorios #XLOficial,Envío gratis en compras que alcancen los $90.000,,https://wa.me/5491147779090,https://www.facebook.com/XLExtraLargeOficial,https://www.instagram.com/xlextralarge,https://www.tiktok.com/@xlextralarge,https://www.xl.com.ar
67,También Online,NO,SI,Argentina,Buenos Aires,Bahía Blanca,,Moda femenina,E067,Julien,,#JulienModa #TendenciasFemeninas #EstiloUrbano #JulienOficial,3 cuotas sin interés y 15% OFF abonando en efectivo o débito,,https://wa.me/5491147814400,https://www.facebook.com/julienoficial,https://www.instagram.com/julienoficial,https://www.tiktok.com/@julienoficial,https://www.julien.com.ar
68,También Online,SI,SI,Argentina,Misiones,Posadas,,Cosmética y Cuidado Personal,E068,Tortulan,,#TortulanCuidado #SkincareAccesible #Dermocuidado #TortulanArg,Envío gratis superando los $50.000 en carritos de compra,,https://wa.me/5491147402000,https://www.facebook.com/tortulanargentina,https://www.instagram.com/tortulanarg,https://www.tiktok.com/@tortulanarg,https://www.tortulan.com.ar
69,También Online,SI,SI,Argentina,Santiago del Estero,Santiago del Estero,,Joyería y Accesorios,E069,Arezzo Accesorios,,#ArezzoJoyas #BijouArgentina #AccesoriosDeModa #ArezzoArg,15% OFF en tu primera compra con cupón digital,,https://wa.me/5493854228800,https://www.facebook.com/arezzojoyas,https://www.instagram.com/arezzoaccesorios,https://www.tiktok.com/@arezzoaccesorios,https://www.arezzo.com.ar
70,También Online,SI,SI,Argentina,Santa Fe,Rafaela,,Decoración del hogar,E070,Rapsodia Home,,#RapsodiaHome #BohoDeco #TextilesDeAutor #DecoHogarArg,Hasta 6 cuotas sin interés en la línea de mantas y vajilla,,https://wa.me/5491168127278,https://www.facebook.com/RapsodiaOficial,https://www.instagram.com/rapsodiahomeoficial,https://www.tiktok.com/@rapsodiaoficial,https://www.rapsodia.com.ar/home
71,También Online,SI,SI,Argentina,Chubut,Comodoro Rivadavia,,Moda femenina,E071,Cacharel Argentina,,#CacharelModa #EleganciaParisina #CacharelArg #EstiloChic,Envío bonificado a toda la Patagonia en compras superiores a $140.000,,https://wa.me/5491148149922,https://www.facebook.com/cacharelargentina,https://www.instagram.com/cacharelargentina,https://www.tiktok.com/@cacharelargentina,https://www.cacharel.com.ar
72,También Online,SI,SI,Argentina,Jujuy,San Salvador de Jujuy,,Calzado,E072,Hush Puppies Argentina,,#HushPuppiesArg #CalzadoComodo #ConfortYEstilo #ZapatosHush,Hasta 25% de ahorro en botas y borcegos seleccionados,,https://wa.me/5491147228801,https://www.facebook.com/HushPuppiesArg,https://www.instagram.com/hushpuppiesar,https://www.tiktok.com/@hushpuppiesar,https://www.hushpuppies.com.ar
73,También Online,NO,SI,Argentina,San Luis,San Luis,,Moda femenina,E073,Yagmour,,#YagmourModa #MujerAutentica #LookYagmour #TendenciasArg,3 cuotas sin interés en toda la colección cápsula,,https://wa.me/5491147775566,https://www.facebook.com/yagmouroficial,https://www.instagram.com/yagmouroficial,https://www.tiktok.com/@yagmouroficial,https://www.yagmour.com.ar
74,También Online,SI,SI,Argentina,Buenos Aires,Tandil,,Decoración del hogar,E074,Bazar Chef,,#BazarChef #CocinaYDiseno #UtensiliosDeCocina #GourmetArg,10% de rebaja pagando por transferencia bancaria,,https://wa.me/5492494448899,https://www.facebook.com/bazarcheftandil,https://www.instagram.com/bazarchef,https://www.tiktok.com/@bazarchef,https://www.bazarchef.com.ar
75,También Online,SI,SI,Argentina,Córdoba,Carlos Paz,,Moda infantil,E075,Baby Cottons,,#BabyCottonsArg #AlgodonPima #ModaBebe #PrendasDeAlgodon,Envío gratis en compras que superen los $100.000,,https://wa.me/5491148002211,https://www.facebook.com/babycottonsargentina,https://www.instagram.com/babycottons,https://www.tiktok.com/@babycottons,https://www.babycottons.com.ar
76,También Online,SI,SI,Argentina,Santa Fe,Venado Tuerto,,Cosmética y Cuidado Personal,E076,Caviahue Dermocosmética,,#CaviahueTermal #AguaTermal #SkincarePatagonia #DermoCaviahue,15% OFF con suscripción a las novedades del sitio,,https://wa.me/5491152630044,https://www.facebook.com/CaviahueDermocosmetica,https://www.instagram.com/caviahue,https://www.tiktok.com/@caviahue,https://www.caviahue.com.ar
77,También Online,NO,SI,Argentina,La Pampa,Santa Rosa,,Joyería y Accesorios,E077,Pandora Argentina,,#PandoraArg #CharmsPandora #JoyasDePlata #MomentosPandora,3 cuotas sin interés y paño limpiador de regalo en compras seleccionadas,,https://wa.me/5491139887700,https://www.facebook.com/PandoraArgentina,https://www.instagram.com/theofficialpandora,https://www.tiktok.com/@theofficialpandora,https://www.pandoraoficial.com.ar
78,También Online,SI,SI,Argentina,Catamarca,San Fernando del Valle,,Moda femenina,E078,System Basic,,#SystemBasic #BasicosConOnda #ModaMujer #SystemArg,Hasta 30% OFF en básicos de media estación,,https://wa.me/5491147774433,https://www.facebook.com/systembasic,https://www.instagram.com/systembasic,https://www.tiktok.com/@systembasic,https://www.systembasic.com.ar
79,También Online,SI,SI,Argentina,Río Negro,San Carlos de Bariloche,,Cosmética y Cuidado Personal,E079,Rosa Mosqueta Bariloche,,#RosaMosqueta #PatagoniaNatural #AceitePuro #CosmeticaArtesanal,Envío sin costo a todo el país superando $80.000,,https://wa.me/5492944421100,https://www.facebook.com/rosamosquetapatagonia,https://www.instagram.com/rosamosquetaoficial,https://www.tiktok.com/@rosamosquetaoficial,https://www.rosamosquetapatagonia.com.ar
80,También Online,SI,SI,Argentina,Mendoza,Godoy Cruz,,Calzado y Marroquinería,E080,Lázaro Cuero,,#LazaroCuero #CarterasDeCueroArg #LazaroBuenosAires #ModaCuero,Hasta 6 cuotas sin interés y 10% de bienvenida,,https://wa.me/5491148115599,https://www.facebook.com/lazarocuero,https://www.instagram.com/lazarocuero,https://www.tiktok.com/@lazarocuero,https://www.lazaro.com.ar
81,También Online,NO,SI,Argentina,Córdoba,Alta Gracia,,Decoración del hogar,E081,Home Collection,,#HomeCollectionArg #RopaDeCama #DecoYDiseno #BlancoDeLujo,Hasta 40% OFF en plumones y almohadas inteligentes,,https://wa.me/5491148123300,https://www.facebook.com/homecollection.ar,https://www.instagram.com/homecollection.ar,https://www.tiktok.com/@homecollection.ar,https://www.homecollection.com.ar
82,También Online,SI,SI,Argentina,Buenos Aires,San Isidro,,Moda femenina,E082,Clara Ibarguren,,#ClaraIbarguren #ModaUrbanaFemenina #DisenoArgentino #ClaraOficial,15% de ahorro con transferencia o débito en toda la tienda,,https://wa.me/5491147178822,https://www.facebook.com/claraibargurenoficial,https://www.instagram.com/claraibarguren,https://www.tiktok.com/@claraibarguren,https://www.claraibarguren.com
83,También Online,SI,SI,Argentina,La Rioja,La Rioja,,Joyería y Accesorios,E083,Milana Accesorios,,#MilanaAccesorios #JoyasEnAcero #PlataYModa #MilanaArg,Envío bonificado a partir de $70.000 a cualquier provincia,,https://wa.me/5493804432211,https://www.facebook.com/milanaaccesorios,https://www.instagram.com/milanaaccesorios,https://www.tiktok.com/@milanaaccesorios,https://www.milana.com.ar
84,También Online,SI,SI,Argentina,Santa Cruz,Río Gallegos,,Moda femenina,E084,Anca & Co,,#AncaAndCo #CalzadoFemenino #ZapatosComodos #AncaStyle,Hasta 3 cuotas sin interés en sandalias y borcegos,,https://wa.me/5491147348800,https://www.facebook.com/ancayco,https://www.instagram.com/ancayco,https://www.tiktok.com/@ancayco,https://www.ancayco.com.ar
85,También Online,SI,SI,Argentina,Buenos Aires,Quilmes,,Moda infantil,E085,Piojito Ropa Infantil,,#PiojitoKids #RopaParaNinos #PrendasDivertidas #PiojitoModa,10% OFF en la primera compra con suscripción por correo,,https://wa.me/5491142530099,https://www.facebook.com/piojitokids,https://www.instagram.com/piojitokids,https://www.tiktok.com/@piojitokids,https://www.piojito.com.ar
86,También Online,NO,SI,Argentina,Tierra del Fuego,Ushuaia,,Decoración del hogar,E086,Fontenla,,#FontenlaMuebles #MobiliarioDeLujo #FontenlaDeco #AltaGamaHogar,6 cuotas sin interés en muebles de salón y living,,https://wa.me/5491146305000,https://www.facebook.com/fontenlahome,https://www.instagram.com/fontenla_furniture,https://www.tiktok.com/@fontenla_furniture,https://www.fontenla-furniture.com
87,También Online,SI,SI,Argentina,Córdoba,San Francisco,,Calzado,E087,Briganti,,#BrigantiShoes #CalzadoDeCuero #ZapatosArtesanales #BrigantiArg,Envío gratis en compras mayores a $115.000,,https://wa.me/5491148663344,https://www.facebook.com/brigantioficial,https://www.instagram.com/briganti_oficial,https://www.tiktok.com/@briganti_oficial,https://www.briganti.com.ar
88,También Online,SI,SI,Argentina,Santa Fe,Esperanza,,Cosmética y Cuidado Personal,E088,Dermaglós,,#DermaglosCuidaTuPiel #CuidadoDermatologico #SkincareSaludable #Dermaglos,Hasta 20% OFF en protectores solares y emulsiones hidratantes,,https://wa.me/5491143801234,https://www.facebook.com/dermaglosargentina,https://www.instagram.com/dermaglos,https://www.tiktok.com/@dermaglos,https://www.dermaglos.com.ar
89,También Online,SI,SI,Argentina,Mendoza,Guaymallén,,Moda femenina,E089,Ossira,,#OssiraOfficial #DenimAttitude #ModaFemeninaArg #LookOssira,3 cuotas sin interés y 10% extra por transferencia,,https://wa.me/5491147890088,https://www.facebook.com/OssiraOficial,https://www.instagram.com/ossiraoficial,https://www.tiktok.com/@ossiraoficial,https://www.ossira.com.ar
90,También Online,NO,SI,Argentina,San Juan,Rawson,,Moda infantil,E090,Mimo Club,,#MimoClub #RopaDeChicos #ClubMimo #ModaKidsArg,Envío bonificado a todo el país en carritos desde $90.000,,https://wa.me/5491147118055,https://www.facebook.com/mimoyco,https://www.instagram.com/mimoyco_oficial,https://www.tiktok.com/@mimoyco_oficial,https://www.mimo.com.ar/club
91,También Online,SI,SI,Argentina,Buenos Aires,Pilar,,Joyería y Accesorios,E091,Blue Sheep Accesorios,,#BlueSheepArg #FibrasNaturales #LanaMerino #AccesoriosDeAutor,10% de descuento en el primer pedido registrándote,,https://wa.me/5491153689020,https://www.facebook.com/bluesheepoficial,https://www.instagram.com/bluesheepoficial,https://www.tiktok.com/@bluesheepoficial,https://www.bluesheep.com.ar
92,También Online,SI,SI,Argentina,Tucumán,Yerba Buena,,Decoración del hogar,E092,La Blancherie,,#LaBlancherieDeco #VajillaRomantica #BazarChic #BlancoYBazar,15% OFF abonando con transferencia directa,,https://wa.me/5493814257766,https://www.facebook.com/lablancherieargentina,https://www.instagram.com/lablancherie,https://www.tiktok.com/@lablancherie,https://www.lablancherie.com.ar
93,También Online,SI,SI,Argentina,Entre Ríos,Concordia,,Moda femenina,E093,Sail,,#SailArgentina #CasualWear #LookDePlaya #EstiloUrbanoSail,Hasta 30% OFF en prendas seleccionadas de liquidación,,https://wa.me/5491148167733,https://www.facebook.com/sailargentina,https://www.instagram.com/sailargentina,https://www.tiktok.com/@sailargentina,https://www.sail.com.ar
94,También Online,SI,SI,Argentina,Río Negro,General Roca,,Calzado,E094,Vía Uno Argentina,,#ViaUnoArg #ZapatosYModa #CalzadoFemenino #ViaUnoShoes,3 cuotas sin interés en toda la tienda digital,,https://wa.me/5491147352211,https://www.facebook.com/viaunoargentina,https://www.instagram.com/viaunoargentina,https://www.tiktok.com/@viaunoargentina,https://www.viauno.com.ar
95,También Online,NO,SI,Argentina,Buenos Aires,Vicente López,,Moda femenina,E095,Sweet,,#SweetVictorianModa #EstiloSweet #MujerJoven #ModaFemeninaSweet,Hasta 3 cuotas sin interés y envíos sin cargo desde $100.000,,https://wa.me/5491147983344,https://www.facebook.com/sweetoficial,https://www.instagram.com/sweetoficial,https://www.tiktok.com/@sweetoficial,https://www.sweet.com.ar
96,También Online,SI,SI,Argentina,Corrientes,Goya,,Joyería y Accesorios,E096,Maioli Joyas,,#MaioliJoyas #JoyasDePlata #DisenoExclusivo #MaioliArg,15% de ahorro con débito o transferencia inmediata,,https://wa.me/5493777421155,https://www.facebook.com/maiolijoyas,https://www.instagram.com/maiolijoyas,https://www.tiktok.com/@maiolijoyas,https://www.maiolijoyas.com.ar
97,También Online,SI,SI,Argentina,Chubut,Puerto Madryn,,Cosmética y Cuidado Personal,E097,Biferdil,,#BiferdilCapilar #CuidadoDelCabello #TratamientoCapilar #Biferdil,25% OFF en acondicionadores y baños de crema de 500ml,,https://wa.me/5491145543322,https://www.facebook.com/biferdil,https://www.instagram.com/biferdil,https://www.tiktok.com/@biferdil,https://www.biferdil.com
98,También Online,SI,SI,Argentina,Chaco,Sáenz Peña,,Moda infantil,E098,Mab Ropa Infantil,,#MabKids #RopaParaChicos #ModaInfantilChaco #MabArg,Envío sin cargo en compras superiores a $85.000,,https://wa.me/5493644428877,https://www.facebook.com/mabropainfantil,https://www.instagram.com/mabinfantil,https://www.tiktok.com/@mabinfantil,https://www.mab.com.ar
99,También Online,SI,SI,Argentina,Buenos Aires,San Nicolás de los Arroyos,,Decoración del hogar,E099,Bazar Avenida,,#BazarAvenida #ElectroYDeco #VajillaModerna #BazarHogar,12 cuotas sin interés en pequeños electrodomésticos y bazar,,https://wa.me/5493364421100,https://www.facebook.com/bazaravenidaoficial,https://www.instagram.com/bazaravenida,https://www.tiktok.com/@bazaravenida,https://www.bazaravenida.com.ar
100,También Online,NO,SI,Argentina,Mendoza,Luján de Cuyo,,Moda femenina,E100,Eva Bomparola,,#EvaBomparola #CoutureArgentino #AltaCostura #ModaExclusiva,Atención personalizada y 10% OFF en pedidos anticipados,,https://wa.me/5491148119090,https://www.facebook.com/evabomparolaoficial,https://www.instagram.com/evabomparola,https://www.tiktok.com/@evabomparola,https://www.evabomparola.com