,,,,,,,,,,,,,,,,,,,,,,,,,,,,,,,,,,,,,,,,
,,,,,,,,,BUSQUEDA,,,,,,,,,,,,,,,,,,,,,,,,,,,,,,,
,,,,,,,,,,,,,,,,,,,,,,,,,,,,,,,,,,,,,,,,
,,,,,,,,,,,,,,,,,,,,,,,,,,,,,,,,,,,,,,,,
,CONTRATO,FECHA INICIO,FECHA FIN,ONLINE,INTERNACIONAL,PROVEEDOR,PAIS,ESTADO,MUNICIPIO,LOGO,CATEGORIA,ID,NOMBRE DE LA EMPRESA,,HASHTAGS,PROMO,WHATSAPP,FACEBOOK,INSTAGRAM,TIKTOK,SITIO WEB,,,,,,,,,,,,,,,,,,,
1,,,,,,,,,,,,QH01,,,,,,,,,,,,,,,,,,,,,,,,,,,,
2,,,,,,,,,,,,QH02,,,,,,,,,,,,,,,,,,,,,,,,,,,,-
3,,,,,,,,,,,,QH03,,,,,,,,,,,,,,,,,,,,,,,,,,,,
4,,,,,,,,,,,,QH04,,,,,,,,,,,,,,,,,,,,,,,,,,,,
5,,,,,,,,,,,,QH05,,,,,,,,,,,,,,,,,,,,,,,,,,,,
6,,,,,,,,,,,,QH06,,,,,,,,,,,,,,,,,,,,,,,,,,,,
7,,,,,,,,,,,,QH07,,,,,,,,,,,,,,,,,,,,,,,,,,,,
8,,,,,,,,,,,,QH08,,,,,,,,,,,,,,,,,,,,,,,,,,,,
9,,,,,,,,,,,,QH09,,,,,,,,,,,,,,,,,,,,,,,,,,,,
10,,,,,,,,,,,,QH10,,,,,,,,,,,,,,,,,,,,,,,,,,,,
11,,,,,,,,,,,,,,,,,,,,,,,,,,,,,,,,,,,,,,,,
12,,,,,,,,,,,,,,,,,,,,,,,,,,,,,,,,,,,,,,,,
13,,,,,,,,,,,,,,,,,,,,,,,,,,,,,,,,,,,,,,,,
14,,,,,,,,,,,,,,,,,,,,,,,,,,,,,,,,,,,,,,,,
15,,,,,,,,,,,,,,,,,,,,,,,,,,,,,,,,,,,,,,,,
16,,,,,,,,,,,,,,,,,,,,,,,,,,,,,,,,,,,,,,,,
17,,,,,,,,,,,,,,,,,,,,,,,,,,,,,,,,,,,,,,,,
18,,,,,,,,,,,,,,,,,,,,,,,,,,,,,,,,,,,,,,,,
19,,,,,,,,,,,,,,,,,,,,,,,,,,,,,,,,,,,,,,,,
20,,,,,,,,,,,,,,,,,,,,,,,,,,,,,,,,,,,,,,,,
21,,,,,,,,,,,,,,,,,,,,,,,,,,,,,,,,,,,,,,,,
22,,,,,,,,,,,,,,,,,,,,,,,,,,,,,,,,,,,,,,,,
23,,,,,,,,,,,,,,,,,,,,,,,,,,,,,,,,,,,,,,,,
24,,,,,,,,,,,,,,,,,,,,,,,,,,,,,,,,,,,,,,,,
25,,,,,,,,,,,,,,,,,,,,,,,,,,,,,,,,,,,,,,,,
26,,,,,,,,,,,,,,,,,,,,,,,,,,,,,,,,,,,,,,,,
27,,,,,,,,,,,,,,,,,,,,,,,,,,,,,,,,,,,,,,,,
28,,,,,,,,,,,,,,,,,,,,,,,,,,,,,,,,,,,,,,,,
29,,,,,,,,,,,,,,,,,,,,,,,,,,,,,,,,,,,,,,,,
30,,,,,,,,,,,,,,,,,,,,,,,,,,,,,,,,,,,,,,,,
31,,,,,,,,,,,,,,,,,,,,,,,,,,,,,,,,,,,,,,,,
32,,,,,,,,,,,,,,,,,,,,,,,,,,,,,,,,,,,,,,,,
33,,,,,,,,,,,,,,,,,,,,,,,,,,,,,,,,,,,,,,,,
34,,,,,,,,,,,,,,,,,,,,,,,,,,,,,,,,,,,,,,,,
35,,,,,,,,,,,,,,,,,,,,,,,,,,,,,,,,,,,,,,,,
36,,,,,,,,,,,,,,,,,,,,,,,,,,,,,,,,,,,,,,,,
37,,,,,,,,,,,,,,,,,,,,,,,,,,,,,,,,,,,,,,,,
38,,,,,,,,,,,,,,,,,,,,,,,,,,,,,,,,,,,,,,,,
39,,,,,,,,,,,,,,,,,,,,,,,,,,,,,,,,,,,,,,,,