,,,,,,,,,,,,,,,,,,
,,,,,,BUSQUEDA,,,,,,,,,,,,
,,,,,,,,,,,,,,,,,,
,,,,,,,,,,,,,,,,,,
,ONLINE,INTERNACIONAL,PROVEEDOR,PAIS,ESTADO,MUNICIPIO,,CATEGORIA,ID,NOMBRE DE LA EMPRESA,,HASHTAGS,PROMO,WECHAT,WEIBO,RED,DOUYIN,SITIO WEB
,También Online,SI,NO,China,Shanghái,Shanghái,,Moda femenina,K001,SHUSHU/TONG,,#ShushuTong #Womenswear #ShanghaiFashion #DesignerBrand,Envío gratis nacional en compras superiores a 1000 RMB,SHUSHUTONG_OFFICIAL,https://weibo.com/u/5574345244,https://www.xiaohongshu.com/user/profile/5b682cfce8ac2b0833a1e9c2,https://www.douyin.com/user/MS4wLjABAAAA_shushutong,https://shushutongstudio.com
,También Online,SI,NO,China,Shanghái,Shanghái,,Moda de autor / Prêt-à-porter,K002,Uma Wang,,#UmaWang #TextileDesign #AvantGarde #ChineseDesigner,Descuento del 10% en primera compra suscribiendo newsletter,umawang_official,https://weibo.com/u/1908077587,https://www.xiaohongshu.com/user/profile/5cd970d40000000010022f67,https://www.douyin.com/user/MS4wLjABAAAA_umawangofficial,https://www.umawang.com
,También Online,SI,NO,China,Shanghái,Shanghái,,Moda femenina de lujo accesible,K003,Comme Moi,,#CommeMoi #LuYan #ModernChic #Tailoring,Envío estándar gratuito en pedidos superiores a 800 RMB,commemoi_official,https://weibo.com/u/3554868074,https://www.xiaohongshu.com/user/profile/5ad0444ce8ac2b1a13e2bb9a,https://www.douyin.com/user/MS4wLjABAAAA_commemoi,http://www.commemoi.com.cn
,También Online,SI,NO,China,Shanghái,Shanghái,,Calzado de diseño y accesorios,K004,untitlab,,#untitlab #FootwearDesign #ModernShoes #Accessories,Envío gratuito en todas las órdenes nacionales,untitlab_studio,https://weibo.com/u/7041695679,https://www.xiaohongshu.com/user/profile/5d4d3e7400000000010041a9,https://www.douyin.com/user/MS4wLjABAAAA_untitlab,https://untitlab.com
,También Online,SI,NO,China,Shanghái,Shanghái,,Joyería de diseño,K005,YVMIN,,#YVMIN #Jewelry #Accessories #ContemporaryJewelry,10% de descuento en la primera orden de colección cápsula,YVMIN_studio,https://weibo.com/u/3173740262,https://www.xiaohongshu.com/user/profile/59eaeb7fe8ac2b56e6d1c828,https://www.douyin.com/user/MS4wLjABAAAA_yvminstudio,https://yvmin.com
,También Online,SI,NO,China,Shanghái,Shanghái,,Moda urbana y sastrería femenina,K006,Fax Copy Express,,#FaxCopyExpress #MinimalistFashion #OversizedBlazer #Streetwear,Envío gratis en compras web superiores a 1200 RMB,faxcopyexpress,https://weibo.com/u/7464326511,https://www.xiaohongshu.com/user/profile/5f33e726000000000100346a,https://www.douyin.com/user/MS4wLjABAAAA_faxcopyexpress,https://faxcopyexpress.com
,También Online,SI,NO,China,Pekín,Pekín,,Alta costura y moda nupcial,K007,Guo Pei,,#GuoPei #HauteCouture #Embroidery #ChineseCouture,Consultas personalizadas con cita previa sin costo,guopei_couture,https://weibo.com/u/1614213764,https://www.xiaohongshu.com/user/profile/5b682cfc12ac2b0833a1e9d1,https://www.douyin.com/user/MS4wLjABAAAA_guopei,http://www.guopei.com
,También Online,SI,NO,China,Pekín,Pekín,,Moda de gala y pret-a-porter femenino,K008,Grace Chen,,#GraceChen #CoutureFashion #ModernElegance #WomenEmpowerment,15% de descuento en accesorios seleccionados de temporada,gracechen_official,https://weibo.com/u/2135069792,https://www.xiaohongshu.com/user/profile/5a544d67e8ac2b6f4e195db3,https://www.douyin.com/user/MS4wLjABAAAA_gracechen,https://www.gracechen.com.cn
,También Online,SI,NO,China,Shanghái,Shanghái,,Perfumería botánica y cuidado personal,K009,Aentos,,#Aentos #NicheFragrance #BotanicalScent #ShanghaiPerfume,Set de descubrimiento de 3 muestras por compras mayores a 600 RMB,aentos_shanghai,https://weibo.com/u/7732958401,https://www.xiaohongshu.com/user/profile/616d25f7000000000201d1c3,https://www.douyin.com/user/MS4wLjABAAAA_aentosfragrance,https://aentos.com
,También Online,SI,NO,China,Shanghái,Shanghái,,Moda de punto y lencería exterior,K010,Rui Zhou,,#RuiZhou #Knitwear #CutOut #AvantGardeKnitwear,Envío nacional sin costo en prendas seleccionadas,ruizhou_official,https://weibo.com/u/7478051289,https://www.xiaohongshu.com/user/profile/5fa6759c000000000100412e,https://www.douyin.com/user/MS4wLjABAAAA_ruistudio,https://ruiofficial.me
,También Online,SI,NO,China,Guangdong,Cantón,,Cosmética y cuidado facial,K011,HomeFacialPro (HFP),,#HomeFacialPro #Skincare #CBeauty #CleanBeauty,Mascarilla hidratante de cortesía en compras sobre 299 RMB,homefacialpro_cn,https://weibo.com/u/5888294154,https://www.xiaohongshu.com/user/profile/5858f70050c4b449b29cb112,https://www.douyin.com/user/MS4wLjABAAAA_hfp_skincare,https://www.homefacialpro.com
,También Online,SI,NO,China,Shanghái,Shanghái,,Bolsos de piel y marroquinería,K012,Songmont,,#Songmont #LeatherBags #TofuBag #WomensBags,Cupón de 50 RMB para nuevos miembros registrados,songmont_official,https://weibo.com/u/5144365731,https://www.xiaohongshu.com/user/profile/597147a450c4b455018a385f,https://www.douyin.com/user/MS4wLjABAAAA_songmont,https://songmontofficial.com
,También Online,SI,NO,China,Zhejiang,Hangzhou,,Bolsos y marroquinería contemporánea,K013,PECO,,#PECObag #ContemporaryLeather #Accessories #FashionBag,Cupón de descuento del 5% al unirse al club de fidelidad,peco_design,https://weibo.com/u/5623048991,https://www.xiaohongshu.com/user/profile/596f0e4b50c4b407421fbc65,https://www.douyin.com/user/MS4wLjABAAAA_pecobag,https://www.pecobag.com
,También Online,SI,NO,China,Shanghái,Shanghái,,Fragancias de autor y estilo de vida,K014,Documents (闻献),,#DocumentsFragrance #Chinoiserie #LuxuryPerfume #NicheScent,Envío express gratis en cualquier compra de fragancias full size,documents_perfume,https://weibo.com/u/7581294862,https://www.xiaohongshu.com/user/profile/5fa7d53b0000000001008be5,https://www.douyin.com/user/MS4wLjABAAAA_documentscn,https://www.documentsperfume.com
,También Online,SI,NO,China,Shanghái,Shanghái,,Moda prêt-à-porter contemporánea,K015,Short Sentence,,#ShortSentence #ContemporaryFashion #UrbanStyle #ShanghaiRetail,Bolsa tote de tela de regalo en pedidos superiores a 1500 RMB,shortsentence_cn,https://weibo.com/u/5672901344,https://www.xiaohongshu.com/user/profile/5742a22050c4b47a1f6a0149,https://www.douyin.com/user/MS4wLjABAAAA_shortsentence,https://shortsentence.com
,También Online,SI,NO,China,Shanghái,Shanghái,,Moda contemporánea femenina,K016,Angel Chen,,#AngelChen #ColorfulFashion #FusionAesthetic #Womenswear,Precios especiales de fin de temporada con hasta 30% de descuento,angelchen_studio,https://weibo.com/u/5221943826,https://www.xiaohongshu.com/user/profile/59c7713fe8ac2b737190deae,https://www.douyin.com/user/MS4wLjABAAAA_angelchenstudio,https://angelchen.com
,También Online,SI,NO,China,Shanghái,Shanghái,,Moda femenina de sastrería suave,K017,SAMUEL GUÌ YANG,,#SamuelGuiYang #Tailoring #CheongsamModern #ContemporaryFashion,Envío estándar de cortesía a partir de 1200 RMB,samuelguiyang_sh,https://weibo.com/u/6410291438,https://www.xiaohongshu.com/user/profile/5be016c63b15dc0001efab84,https://www.douyin.com/user/MS4wLjABAAAA_samuelguiyang,https://samuelguiyang.com
,También Online,SI,NO,China,Shanghái,Shanghái,,Calzado artesanal y marroquinería,K018,Lost in Echo,,#LostInEcho #DesignerShoes #ChicFootwear #Accessories,Cupón de 100 RMB de bienvenida para nuevas compras en tienda oficial,lostinecho_official,https://weibo.com/u/6734125890,https://www.xiaohongshu.com/user/profile/5c1a1796000000000800fa1b,https://www.douyin.com/user/MS4wLjABAAAA_lostinecho,https://lostinecho.com
,También Online,SI,NO,China,Shanghái,Shanghái,,Cuidado de la piel y cosmética clean,K019,JUNPING (俊平大魔王),,#Junping #CleanSkincare #Aromatherapy #BotanicalBeauty,Descuento especial del 15% en packs de hidratación profunda,junping_official,https://weibo.com/u/1684391204,https://www.xiaohongshu.com/user/profile/56a47a1993433604bc49352e,https://www.douyin.com/user/MS4wLjABAAAA_junpingskincare,https://www.junping.cn
,También Online,SI,NO,China,Shanghái,Shanghái,,"Ropa interior, loungewear y homewear",K020,NEIWAI (内外),,#NEIWAI #Loungewear #Lingerie #ComfortClothing,10% de descuento de bienvenida en la primera orden de miembros,neiwai_official,https://weibo.com/u/2772591602,https://www.xiaohongshu.com/user/profile/572c6cfb50c4b433e147b198,https://www.douyin.com/user/MS4wLjABAAAA_neiwaiofficial,https://neiwai.life
,También Online,SI,NO,China,Guangdong,Shenzhen,,Joyería de plata y accesorios contemporáneos,K021,KVK,,#KVKjewelry #ModernJewelry #ModularAccessories #SilverJewelry,Envío express gratis en órdenes superiores a 500 RMB,kvk_official,https://weibo.com/u/7183921504,https://www.xiaohongshu.com/user/profile/5dc7f69800000000010072b3,https://www.douyin.com/user/MS4wLjABAAAA_kvkjewelry,https://kvk-studio.com
,También Online,SI,NO,China,Shanghái,Shanghái,,Cosmética de color y maquillaje artístico,K022,JUDYDOLL (橘朵),,#Judydoll #ColorCosmetics #MakeupTrends #CBeauty,Delineador de ojos mini de regalo por compras mayores a 129 RMB,judydoll_official,https://weibo.com/u/6179342511,https://www.xiaohongshu.com/user/profile/597c416e50c4b42319208a0d,https://www.douyin.com/user/MS4wLjABAAAA_judydoll,https://judydoll.com
,También Online,SI,NO,China,Guangdong,Cantón,,Maquillaje de alta pigmentación,K023,Colorkey (珂拉琪),,#Colorkey #LipTint #ColorCosmetics #YouthTrends,Labial en formato travel de obsequio al registrarse en el club,colorkey_cn,https://weibo.com/u/6684910237,https://www.xiaohongshu.com/user/profile/5c22f0e0000000000602bb44,https://www.douyin.com/user/MS4wLjABAAAA_colorkeycn,https://www.colorkey.com
,También Online,SI,NO,China,Shanghái,Shanghái,,Moda de autor vanguardista,K024,MING MA,,#MingMa #SculpturalFashion #AvantGarde #ShanghaiDesigner,Envío gratuito para toda la colección Ready-to-Wear,mingma_studio,https://weibo.com/u/6604921873,https://www.xiaohongshu.com/user/profile/5c1a01390000000006037ad1,https://www.douyin.com/user/MS4wLjABAAAA_mingmastudio,https://ming-ma.com
,También Online,SI,NO,China,Shanghái,Shanghái,,Joyería fina accesible y perlas,K025,OOAK,,#OOAK #JewelryBoutique #DesignerJewelry #FashionAccessories,5% de descuento en la sección de joyería con perlas barrocas,ooak_concept,https://weibo.com/u/2784910543,https://www.xiaohongshu.com/user/profile/56ee434750c4b4198c69cb50,https://www.douyin.com/user/MS4wLjABAAAA_ooakshanghai,https://www.ooakboutique.com
,También Online,SI,NO,China,Shanghái,Shanghái,,Moda femenina de siluetas estructuradas,K026,SUSAN FANG,,#SusanFang #AirWeave #Craftsmanship #PastelAesthetic,Muestrario de accesorios miniatura en pedidos superiores a 2000 RMB,susanfang_official,https://weibo.com/u/6429410852,https://www.xiaohongshu.com/user/profile/5bb2e9730000000001004bb9,https://www.douyin.com/user/MS4wLjABAAAA_susanfangofficial,https://susanfang.com
,También Online,SI,NO,China,Shanghái,Shanghái,,"Velas aromáticas, fragancias y hogar",K027,ToSummer (观夏),,#ToSummer #HomeFragrance #OrientalScent #LifestyleLiving,Set de cerillas decorativas de cortesía con cada vela de edición especial,tosummer_cn,https://weibo.com/u/6974192451,https://www.xiaohongshu.com/user/profile/5bceecdae8ac2b1a13e2bf80,https://www.douyin.com/user/MS4wLjABAAAA_tosummer,https://www.tosummer.com
,También Online,SI,NO,China,Shanghái,Shanghái,,Moda femenina experimental,K028,MARCHEN,,#Marchen #TulleDress #FeminineAesthetic #DesignerLabel,Envío express gratis en todas las órdenes domésticas,marchen_studio,https://weibo.com/u/5691024873,https://www.xiaohongshu.com/user/profile/57b545d150c4b41b1836511b,https://www.douyin.com/user/MS4wLjABAAAA_marchen,https://www.marchen.me
,También Online,SI,NO,China,Shanghái,Shanghái,,Moda prêt-à-porter y trajes de baño,K029,ZIGGY CHEN,,#ZiggyChen #ArtisanalFashion #LinenApparel #SlowFashion,Envío sin costo en compras que incluyan prendas de nueva llegada,ziggychen_official,https://weibo.com/u/3204918751,https://www.xiaohongshu.com/user/profile/5cd970d40000000010022f77,https://www.douyin.com/user/MS4wLjABAAAA_ziggychen,https://ziggychen.com
,También Online,SI,NO,China,Shanghái,Shanghái,,Bolsos de piel geométrica,K030,DISSONA,,#Dissona #LeatherCraft #Handbags #WomensAccessories,20% de descuento en la segunda unidad de billeteras de temporada,dissona_official,https://weibo.com/u/1739485120,https://www.xiaohongshu.com/user/profile/58410fb350c4b4119859fbb3,https://www.douyin.com/user/MS4wLjABAAAA_dissonabags,https://www.dissona.com
,También Online,SI,NO,China,Pekín,Pekín,,Moda contemporánea conceptual,K031,CHICCO MAO,,#ChiccoMao #RunwayFashion #ModernTailoring #ChineseDesign,Cupón de 200 RMB aplicable en vestidos de fiesta y abrigos,chiccomao_studio,https://weibo.com/u/3819402511,https://www.xiaohongshu.com/user/profile/591147a450c4b455018a3811,https://www.douyin.com/user/MS4wLjABAAAA_chiccomao,http://www.chiccomao.com
,También Online,SI,NO,China,Shanghái,Shanghái,,Moda de autor femenina,K032,C+plus SERIES,,#CPlusSeries #ChicFashion #UrbanWomen #Apparel,Envío nacional sin costo a partir de 800 RMB,cplusseries_official,https://weibo.com/u/6539201485,https://www.xiaohongshu.com/user/profile/5ba34f98000000000100cde9,https://www.douyin.com/user/MS4wLjABAAAA_cplusseries,http://www.cplusseries.com
,También Online,SI,NO,China,Shanghái,Shanghái,,Joyería de diseño conceptual,K033,HEFANG Jewelry,,#HefangJewelry #FineJewelry #SilverAccessories #ChicDesigns,Joyero de terciopelo de regalo en compras superiores a 999 RMB,hefangjewelry,https://weibo.com/u/3178491024,https://www.xiaohongshu.com/user/profile/584033b450c4b4249a0d8430,https://www.douyin.com/user/MS4wLjABAAAA_hefangjewelry,https://www.hefangjewelry.com
,También Online,SI,NO,China,Guangdong,Shenzhen,,Joyería artesanal y perlas de agua dulce,K034,Blackhead,,#Blackhead #StreetJewelry #SilverRings #Accessories,10% de descuento en el primer pedido al registrarse en el boletín,blackhead_official,https://weibo.com/u/2739104825,https://www.xiaohongshu.com/user/profile/5811c79f50c4b41a54728512,https://www.douyin.com/user/MS4wLjABAAAA_blackhead,https://blackhead.com.cn
,También Online,SI,NO,China,Shanghái,Shanghái,,Moda de autor vanguardista,K035,BAN XIAOXUE,,#BanXiaoxue #NatureFashion #ArtWear #OrientalStyle,Prendas seleccionadas con 20% de descuento por cambio de estación,banxiaoxue_studio,https://weibo.com/u/2691048293,https://www.xiaohongshu.com/user/profile/56a42250934336113b1940a2,https://www.douyin.com/user/MS4wLjABAAAA_banxiaoxue,http://www.banxiaoxue.cn
,También Online,SI,NO,China,Shanghái,Shanghái,,Lencería de confort y loungewear,K036,Ubras,,#Ubras #ComfortBra #SeamlessUnderwear #Loungewear,Cupón de 30 RMB para compras a través del programa de fidelidad,ubras_official,https://weibo.com/u/5964821035,https://www.xiaohongshu.com/user/profile/575e533e50c4b449b29cb101,https://www.douyin.com/user/MS4wLjABAAAA_ubrasofficial,https://www.ubras.com
,También Online,SI,NO,China,Shanghái,Shanghái,,Moda femenina contemporánea,K037,Leaf Xia,,#LeafXia #ColorBlocking #PlayfulFashion #WomensFashion,Envío gratis en todas las órdenes de la nueva colección de verano,leafxia_official,https://weibo.com/u/5834901284,https://www.xiaohongshu.com/user/profile/59a6744ce8ac2b56e6d1c920,https://www.douyin.com/user/MS4wLjABAAAA_leafxia,https://leafxiastudio.com
,También Online,SI,NO,China,Shanghái,Shanghái,,Moda femenina de siluetas puras,K038,Staffonly,,#Staffonly #ConceptualFashion #ContemporaryApparel #Runway,Envío estándar de cortesía sin mínimo de compra temporalmente,staffonly_studio,https://weibo.com/u/5719304821,https://www.xiaohongshu.com/user/profile/58019e0750c4b47a1f6a0189,https://www.douyin.com/user/MS4wLjABAAAA_staffonly,http://staffonlystudio.com
,También Online,SI,NO,China,Shanghái,Shanghái,,Calzado contemporáneo femenino,K039,73Hours,,#73Hours #WomensShoes #Elegance #HeelsAndFlats,Bolsa guardapolvo de satén incluida con cada par de zapatos,73hours_official,https://weibo.com/u/5349102847,https://www.xiaohongshu.com/user/profile/5820468350c4b449b29cb1f4,https://www.douyin.com/user/MS4wLjABAAAA_73hours,https://www.73hours.com.cn
,También Online,SI,NO,China,Shanghái,Shanghái,,Moda de punto artesanal,K040,SHINPAKU,,#Shinpaku #KnitApparel #HandmadeSweaters #SlowDesign,5% de rebaja en piezas de tejido natural al suscribirse,shinpaku_knit,https://weibo.com/u/7491024831,https://www.xiaohongshu.com/user/profile/5f2015890000000001004ca5,https://www.douyin.com/user/MS4wLjABAAAA_shinpakustudio,https://shinpaku.com
,También Online,SI,NO,China,Shanghái,Shanghái,,Moda femenina y sastrería fluida,K041,YIRANTIAN,,#Yirantian #TailoredWomenswear #SilkApparel #ModernElegance,Envío express gratis en compras que superen los 1000 RMB,yirantian_official,https://weibo.com/u/5319402851,https://www.xiaohongshu.com/user/profile/5829158a50c4b47a1f6a01cd,https://www.douyin.com/user/MS4wLjABAAAA_yirantian,https://yirantian.com
,También Online,SI,NO,China,Shanghái,Shanghái,,Bolsos de piel sostenibles y accesorios,K042,OIAMI,,#Oiami #MinimalBags #VeganLeather #Accessories,Cupón de descuento directo de 40 RMB para nuevos suscriptores,oiami_design,https://weibo.com/u/7391048256,https://www.xiaohongshu.com/user/profile/5e73059800000000010059e1,https://www.douyin.com/user/MS4wLjABAAAA_oiamistudio,https://oiami.com
,También Online,SI,NO,China,Shanghái,Shanghái,,Cosmética natural y aromaterapia,K043,FLORASIS (花西子),,#Florasis #EasternBeauty #BotanicalCosmetics #EngravedMakeup,Brocha artesanal de edición especial por compras mayores a 350 RMB,florasis_official,https://weibo.com/u/6194028471,https://www.xiaohongshu.com/user/profile/59a6744ce8ac2b56e6d1c810,https://www.douyin.com/user/MS4wLjABAAAA_florasis,https://florasis.com
,También Online,SI,NO,China,Guangdong,Cantón,,Cosmética de color y cuidado facial,K044,Perfect Diary (完美日记),,#PerfectDiary #ColorMakeup #Lipsticks #BeautyLovers,Espejo de bolsillo de cortesía para nuevas socias del club,perfectdiary_cn,https://weibo.com/u/6284910283,https://www.xiaohongshu.com/user/profile/589047a450c4b455018a3877,https://www.douyin.com/user/MS4wLjABAAAA_perfectdiary,https://www.perfectdiary.com
,También Online,SI,NO,China,Shanghái,Shanghái,,Joyería moderna y esmaltada,K045,Acleris,,#Acleris #EnamelJewelry #ChicEarrings #Accessories,Envío gratuito estándar en compras de más de 300 RMB,acleris_jewelry,https://weibo.com/u/7291048561,https://www.xiaohongshu.com/user/profile/5d9472390000000001004ae5,https://www.douyin.com/user/MS4wLjABAAAA_acleris,https://aclerisjewelry.com
,También Online,SI,NO,China,Shanghái,Shanghái,,Moda femenina contemporánea,K046,Evening,,#EveningFashion #BeijingFashion #ArtTailoring #EveningWear,10% de descuento en pedidos de temporada al registrarse,evening_couture,https://weibo.com/u/2391048512,https://www.xiaohongshu.com/user/profile/5719304850c4b47a1f6a0120,https://www.douyin.com/user/MS4wLjABAAAA_eveningfashion,http://www.eveningevening.com
,También Online,SI,NO,China,Shanghái,Shanghái,,Velas artesanales y difusores de hogar,K047,Maison Dix-Sept,,#MaisonDixSept #HomeScents #Candles #InteriorLiving,Vela aromática mini en compras superiores a 400 RMB,maisondixsept_cn,https://weibo.com/u/6491028574,https://www.xiaohongshu.com/user/profile/5ba34f98000000000100fa11,https://www.douyin.com/user/MS4wLjABAAAA_maisondixsept,https://maisondixsept.com
,También Online,SI,NO,China,Shanghái,Shanghái,,Moda de autor y sastrería desconstructiva,K048,deepmoss,,#deepmoss #AvantGarde #Draping #WomensFashion,Envío gratis en prendas de sastrería durante la campaña actual,deepmoss_studio,https://weibo.com/u/3891048275,https://www.xiaohongshu.com/user/profile/56a42250934336113b194055,https://www.douyin.com/user/MS4wLjABAAAA_deepmoss,http://www.deepmoss.com
,También Online,SI,NO,China,Shanghái,Shanghái,,Moda contemporánea y abrigos,K049,Fiona Chen,,#FionaChen #PlayfulChic #ColorOuterwear #ContemporaryFashion,Cupón directo de 150 RMB para compras de abrigo y chaquetas,fionachen_official,https://weibo.com/u/3194028561,https://www.xiaohongshu.com/user/profile/5742a22050c4b47a1f6a0199,https://www.douyin.com/user/MS4wLjABAAAA_fionachen,https://www.fionachen.com
,También Online,SI,NO,China,Shanghái,Shanghái,,Ropa infantil de diseño y fibras naturales,K050,jnby by JNBY,,#jnbybyJNBY #KidsFashion #NaturalFabrics #Childrenswear,10% de descuento en el conjunto infantil al comprar 2 o más piezas,jnby_kids,https://weibo.com/u/2194028573,https://www.xiaohongshu.com/user/profile/575e533e50c4b449b29cb155,https://www.douyin.com/user/MS4wLjABAAAA_jnbykids,https://www.jnby.com
,También Online,SI,NO,China,Fujian,Xiamen,,Moda femenina de diseño contemporáneo,K051,Ms MIN,,#MsMIN #MinLiu #ModernChinoiserie #LuxuryFashion,Envío estándar de cortesía en pedidos superiores a 1500 RMB,msmin_official,https://weibo.com/u/2180479153,https://www.xiaohongshu.com/user/profile/57b545d150c4b41b18365199,https://www.douyin.com/user/MS4wLjABAAAA_msminstudio,https://msmin.com
,También Online,SI,NO,China,Zhejiang,Hangzhou,,Moda femenina y estampados tradicionales,K052,MUKZIN (密扇),,#Mukzin #KateHan #NeoChineseStyle #OrientalChic,10% de descuento en la colección de primavera con newsletter,mukzin_official,https://weibo.com/u/5284910247,https://www.xiaohongshu.com/user/profile/5829158a50c4b47a1f6a0144,https://www.douyin.com/user/MS4wLjABAAAA_mukzinfashion,https://mukzin.com
,También Online,SI,NO,China,Shanghái,Shanghái,,Moda de pasarela y pret-a-porter,K053,MASHA MA,,#MashaMa #RunwayFashion #ModernTailoring #WomenStyle,Envío nacional sin costo en todas las prendas de sastrería,mashama_official,https://weibo.com/u/1894028571,https://www.xiaohongshu.com/user/profile/56a42250934336113b194090,https://www.douyin.com/user/MS4wLjABAAAA_mashama,http://masha-ma.com
,También Online,SI,NO,China,Shanghái,Shanghái,,Moda femenina y bordado artesanal,K054,Shuting Qiu,,#ShutingQiu #FloralEmbroidery #SustainableFashion #MilanRunway,Pañuelo de seda de edición limitada por compras sobre 3000 RMB,shutingqiu_studio,https://weibo.com/u/6891048253,https://www.xiaohongshu.com/user/profile/5d4d3e7400000000010041f1,https://www.douyin.com/user/MS4wLjABAAAA_shutingqiu,https://shuting-qiu.com
,También Online,SI,NO,China,Guangdong,Cantón,,Moda femenina experimental y pedrería,K055,Yueqi Qi,,#YueqiQi #Beadwork #AvantGarde #ChineseCraft,Envío internacional gratuito a partir de 400 USD,yueqiqi_studio,https://weibo.com/u/7491048290,https://www.xiaohongshu.com/user/profile/5fa7d53b0000000001008bf9,https://www.douyin.com/user/MS4wLjABAAAA_yueqiqi,https://yueqiqi.com
,También Online,SI,NO,China,Shanghái,Shanghái,,Moda femenina y corsetería de diseño,K056,DIDU,,#DIDU #DiDu #FeminismFashion #FuturisticDesign,Cupón de 100 RMB de bienvenida para nuevas suscriptoras,didu_official,https://weibo.com/u/7319402854,https://www.xiaohongshu.com/user/profile/5e73059800000000010059aa,https://www.douyin.com/user/MS4wLjABAAAA_diduofficial,https://didu-official.com
,También Online,SI,NO,China,Shanghái,Shanghái,,Moda de sastrería contemporánea y unisex,K057,Feng Chen Wang,,#FengChenWang #DeconstructedFashion #ModernMenswear #UnisexChic,10% de descuento en la primera orden al registrarse,fengchenwang_cn,https://weibo.com/u/5719304892,https://www.xiaohongshu.com/user/profile/5858f70050c4b449b29cb188,https://www.douyin.com/user/MS4wLjABAAAA_fengchenwang,https://fengchenwang.com
,También Online,SI,NO,China,Shanghái,Shanghái,,Moda romántica de diseño y vestidos,K058,Caroline Hu,,#CarolineHu #Reverie #RomanticDress #ArtisticFashion,Envío exprés gratuito en toda la línea de vestidos de novia,carolinehu_studio,https://weibo.com/u/6910482751,https://www.xiaohongshu.com/user/profile/5bceecdae8ac2b1a13e2bfa2,https://www.douyin.com/user/MS4wLjABAAAA_carolinehu,https://carolinehu.com
,También Online,SI,NO,China,Guangdong,Shenzhen,,Moda femenina de lujo y sastrería,K059,Marisfrolg (玛丝菲尔),,#Marisfrolg #LuxuryWomenswear #TailoredSuits #ModernClassics,Regalo de foulard de seda en compras superiores a 2500 RMB,marisfrolg_cn,https://weibo.com/u/1749102854,https://www.xiaohongshu.com/user/profile/572c6cfb50c4b433e147b1cc,https://www.douyin.com/user/MS4wLjABAAAA_marisfrolg,https://www.marisfrolg.com
,También Online,SI,NO,China,Shanghái,Shanghái,,Moda femenina contemporánea,K060,DAZZLE,,#DazzleFashion #ModernChic #TrendWear #WomensStyle,20% de descuento en la segunda prenda de nueva temporada,dazzle_official,https://weibo.com/u/1829401563,https://www.xiaohongshu.com/user/profile/56ee434750c4b4198c69cb88,https://www.douyin.com/user/MS4wLjABAAAA_dazzlefashion,https://www.dazzle-fashion.com
,También Online,SI,NO,China,Shanghái,Shanghái,,"Moda sostenible en lino, lana y seda",K061,ICICLE (之禾),,#ICICLE #SustainableFashion #NaturalMaterials #EcoLuxury,Kit de cuidado para prendas de cachemira en compras sobre 3000 RMB,icicle_official,https://weibo.com/u/1739402851,https://www.xiaohongshu.com/user/profile/58410fb350c4b4119859fbdd,https://www.douyin.com/user/MS4wLjABAAAA_icicleofficial,https://www.icicle.com
,También Online,SI,NO,China,Guangdong,Cantón,,Moda urbana y femenina de centro comercial,K062,MO&Co.,,#MOandCo #CoolGirlStyle #WomensApparel #UrbanFashion,Cupón directo de 100 RMB al unirse al programa de membresía,moco_official,https://weibo.com/u/1769402844,https://www.xiaohongshu.com/user/profile/5811c79f50c4b41a54728544,https://www.douyin.com/user/MS4wLjABAAAA_moco_official,https://www.moco.com
,También Online,SI,NO,China,Guangdong,Cantón,,Moda femenina minimalista y sastrería suave,K063,Edition,,#EditionFashion #EffortlessChic #Gentlewoman #SophisticatedStyle,Envío gratuito estándar en pedidos superiores a 1000 RMB,edition_official,https://weibo.com/u/2319402852,https://www.xiaohongshu.com/user/profile/597147a450c4b455018a3899,https://www.douyin.com/user/MS4wLjABAAAA_editionfashion,https://www.edition.com.cn
,También Online,SI,NO,China,Guangdong,Shenzhen,,Moda femenina de estética oriental y corte amplio,K064,DAMOWANG,,#DamoWang #NeoChinese #ContemporarySuits #WomensWear,Descuento del 15% en prendas seleccionadas de fin de temporada,damowang_studio,https://weibo.com/u/6194028574,https://www.xiaohongshu.com/user/profile/5c1a01390000000006037aee,https://www.douyin.com/user/MS4wLjABAAAA_damowang,https://damowang.cn
,También Online,SI,NO,China,Shanghái,Shanghái,,Moda urbana de género neutro y accesorios,K065,PRIVATE POLICY,,#PrivatePolicy #StreetStyle #UrbanApparel #RebelChic,10% de rebaja en la primera orden online para nuevos clientes,privatepolicy_cn,https://weibo.com/u/5910482753,https://www.xiaohongshu.com/user/profile/5ba34f98000000000100cdee,https://www.douyin.com/user/MS4wLjABAAAA_privatepolicy,https://privatepolicyny.com
,También Online,SI,NO,China,Shanghái,Shanghái,,Moda femenina y corte escultórico,K066,Wanbing Huang,,#WanbingHuang #SculpturalWear #LingerieFashion #Couture,Envío exprés gratuito en compras superiores a 2000 RMB,wanbinghuang_cn,https://weibo.com/u/6219402841,https://www.xiaohongshu.com/user/profile/5bb2e9730000000001004bcc,https://www.douyin.com/user/MS4wLjABAAAA_wanbinghuang,http://wanbinghuang.com
,También Online,SI,NO,China,Shanghái,Shanghái,,Ropa deportiva técnica y activewear de diseño,K067,Particle Fever (粒子狂热),,#ParticleFever #TechnicalApparel #GymWear #ActivewearDesign,Bolsa deportiva impermeable de cortesía por compras sobre 800 RMB,particlefever_cn,https://weibo.com/u/5619402854,https://www.xiaohongshu.com/user/profile/5742a22050c4b47a1f6a01dd,https://www.douyin.com/user/MS4wLjABAAAA_particlefever,https://particle-fever.com
,También Online,SI,NO,China,Shanghái,Shanghái,,Ropa de yoga y activewear femenino,K068,MAIA ACTIVE,,#MaiaActive #YogaApparel #AsianFit #ActiveLifestyle,Envío gratis y 50 RMB de descuento en el primer set de leggings,maiaactive_cn,https://weibo.com/u/5939402851,https://www.xiaohongshu.com/user/profile/575e533e50c4b449b29cb199,https://www.douyin.com/user/MS4wLjABAAAA_maiaactive,https://www.maiaactive.com
,También Online,SI,NO,China,Shanghái,Shanghái,,Cosmética de diseño y maquillaje temático,K069,GIRLCULT,,#Girlcult #CBeauty #SurrealCosmetics #ColorMakeup,Pegatinas artísticas y brocha de detalle de regalo con paletas de sombra,girlcult_official,https://weibo.com/u/6519402852,https://www.xiaohongshu.com/user/profile/5b682cfce8ac2b0833a1e9ff,https://www.douyin.com/user/MS4wLjABAAAA_girlcult,https://girlcult.cn
,También Online,SI,NO,China,Shanghái,Shanghái,,Labiales y cosmética labial de textura barro,K070,INTO YOU (心慕与你),,#IntoYou #LipMud #MatteLip #CBeautyMakeup,Mini labial de tono exclusivo en compras superiores a 99 RMB,intoyou_official,https://weibo.com/u/7194028563,https://www.xiaohongshu.com/user/profile/5dc7f69800000000010072ee,https://www.douyin.com/user/MS4wLjABAAAA_intoyou,https://intoyoucosmetics.com
,También Online,SI,NO,China,Shanghái,Shanghái,,Cosmética de color y sombras futuristas,K071,Kaleidos Makeup (万花镜),,#KaleidosMakeup #FuturisticBeauty #SpaceAge #EyeshadowPalette,Envío gratis en todos los pedidos nacionales mayores a 200 RMB,kaleidos_official,https://weibo.com/u/6819402847,https://www.xiaohongshu.com/user/profile/5c22f0e0000000000602bb88,https://www.douyin.com/user/MS4wLjABAAAA_kaleidos,https://kaleidosmakeup.com
,También Online,SI,NO,China,Zhejiang,Hangzhou,,Cosmética estética de inspiración victoriana,K072,Flower Knows (花知晓),,#FlowerKnows #UnicornCosmetics #EmbossedMakeup #PrincessAesthetic,Espejo de mano de mano ornamental gratis por compras sobre 299 RMB,flowerknows_cn,https://weibo.com/u/5819402855,https://www.xiaohongshu.com/user/profile/597c416e50c4b42319208a44,https://www.douyin.com/user/MS4wLjABAAAA_flowerknows,https://flowerknows.co
,También Online,SI,NO,China,Shanghái,Shanghái,,Cosmética contemporánea y bálsamos labiales,K073,Joocyee (酵色),,#Joocyee #VintageRomance #CBeautyChic #LipGloss,Doble muestra de suero hidratante labial en compras web,joocyee_official,https://weibo.com/u/7394028562,https://www.xiaohongshu.com/user/profile/5e73059800000000010059cc,https://www.douyin.com/user/MS4wLjABAAAA_joocyee,https://joocyee.com
,También Online,SI,NO,China,Guangdong,Cantón,,Cosmética de estilo tradicional chino,K074,CATKIN (卡婷),,#CatkinCosmetics #GuochaoBeauty #CarvedLipstick #ChineseStyle,Set de 2 labiales grabados con 15% de descuento directo,catkin_official,https://weibo.com/u/3219402854,https://www.xiaohongshu.com/user/profile/589047a450c4b455018a38bb,https://www.douyin.com/user/MS4wLjABAAAA_catkinofficial,https://catkin.com
,También Online,SI,NO,China,Shanghái,Shanghái,,Maquillaje juvenil y perfiladores de ojos,K075,FLORTTE (花洛莉亚),,#Flortte #SweetStyle #ColorEyeliner #JellyLip,Sacapuntas cosmético de precisión gratis al adquirir 2 delineadores,flortte_official,https://weibo.com/u/6919402851,https://www.xiaohongshu.com/user/profile/5d9472390000000001004aff,https://www.douyin.com/user/MS4wLjABAAAA_flortte,https://flortte.com
,También Online,SI,NO,China,Shanghái,Shanghái,,Perfumería nicho de lujo y extractos botánicos,K076,Melt Season,,#MeltSeason #NicheFragrance #LuxuryPerfume #OrientalNotes,Muestrario de 2 ml de bienvenida con cada orden online,meltseason_cn,https://weibo.com/u/7519402852,https://www.xiaohongshu.com/user/profile/616d25f7000000000201d1fa,https://www.douyin.com/user/MS4wLjABAAAA_meltseason,https://meltseason.com
,También Online,SI,NO,China,Pekín,Pekín,,Fragancias urbanas y velas con aromas de memoria,K077,Scent Library (气味图书馆),,#ScentLibrary #MemoryScent #WhiteRabbitPerfume #HomeFragrance,Gel de ducha mini de regalo en compras de fragancias mayores a 199 RMB,scentlibrary_cn,https://weibo.com/u/1919402854,https://www.xiaohongshu.com/user/profile/584033b450c4b4249a0d8488,https://www.douyin.com/user/MS4wLjABAAAA_scentlibrary,https://www.scentlibrary.com
,También Online,SI,NO,China,Shanghái,Shanghái,,Cuidado corporal y aromaterapia de ducha,K078,PLUS TWO (普拉斯兔),,#PlusTwo #BodyCare #ShowerAroma #SelfCareEssentials,Dispensador espumador de cortesía con la compra de recargas corporales,plustwo_cn,https://weibo.com/u/7419402851,https://www.xiaohongshu.com/user/profile/5f2015890000000001004cdd,https://www.douyin.com/user/MS4wLjABAAAA_plustwo,https://plustwo.cn
,También Online,SI,NO,China,Shanghái,Shanghái,,Perfumería de autor y estética filosófica,K079,RE CLASSIFIED (调香室),,#ReClassified #PerfumeAtelier #Candles #PhilosophyScent,10% de descuento en velas aromáticas de gran formato,reclassified_cn,https://weibo.com/u/3619402853,https://www.xiaohongshu.com/user/profile/5719304850c4b47a1f6a0166,https://www.douyin.com/user/MS4wLjABAAAA_reclassified,https://www.re-classified.com
,También Online,SI,NO,China,Guangdong,Cantón,,Cosmética botánica basada en la glabridina,K080,GUYU (谷雨),,#GuyuSkincare #Glabridin #SkinBrightening #CleanCosmetics,Crema facial iluminadora en tamaño viaje por compras sobre 260 RMB,guyu_official,https://weibo.com/u/6419402855,https://www.xiaohongshu.com/user/profile/59a6744ce8ac2b56e6d1c866,https://www.douyin.com/user/MS4wLjABAAAA_guyuskincare,https://www.guyuskincare.com
,También Online,SI,NO,China,Guangdong,Cantón,,Cuidado facial para pieles sensibles,K081,Simpcare (溪木源),,#Simpcare #SensitiveSkin #BotanicalCare #GentleBeauty,Pack de 5 mascarillas calmantes de regalo en pedidos superiores a 299 RMB,simpcare_official,https://weibo.com/u/7219402854,https://www.xiaohongshu.com/user/profile/5ba34f98000000000100fa55,https://www.douyin.com/user/MS4wLjABAAAA_simpcare,https://www.simpcare.com
,También Online,SI,NO,China,Shanghái,Shanghái,,Bolsos de diseño geométrico y herrajes distintivos,K082,Apede Mod,,#ApedeMod #FroggyBag #GeometricLeather #DesignerHandbags,10% de descuento de bienvenida suscribiendo correo electrónico,apedemod_official,https://weibo.com/u/6019402851,https://www.xiaohongshu.com/user/profile/591147a450c4b455018a3855,https://www.douyin.com/user/MS4wLjABAAAA_apedemod,https://apede-mod.com
,También Online,SI,NO,China,Pekín,Pekín,,Marroquinería colorida y bolsos de mano,K083,Amazing Song,,#AmazingSong #SoftLeather #ColorBags #SisterhoodBrand,Charm de piel para bolso de obsequio en órdenes mayores a 699 RMB,amazingsong_cn,https://weibo.com/u/5419402853,https://www.xiaohongshu.com/user/profile/5ad0444ce8ac2b1a13e2bbdd,https://www.douyin.com/user/MS4wLjABAAAA_amazingsong,https://amazingsong.com
,También Online,SI,NO,China,Pekín,Pekín,,Bolsos artesanales de cuero curtido vegetal,K084,Joydivision Vintage,,#JoydivisionVintage #VegetableTanned #ArtisanalLeather #VintageBags,Bálsamo de mantenimiento de cuero de regalo con bolsos tote,joydivision_leather,https://weibo.com/u/2219402852,https://www.xiaohongshu.com/user/profile/5820468350c4b449b29cb1aa,https://www.douyin.com/user/MS4wLjABAAAA_joydivision,https://joydivision.cn
,También Online,SI,NO,China,Shanghái,Shanghái,,Moda urbana femenina con espíritu lúdico,K085,BABYGHOST,,#Babyghost #UrbanCool #DowntownGirl #IndieFashion,Envío gratis nacional en cualquier pedido de la colección actual,babyghost_official,https://weibo.com/u/1929402851,https://www.xiaohongshu.com/user/profile/56a47a1993433604bc493588,https://www.douyin.com/user/MS4wLjABAAAA_babyghost,https://baby-ghost.com
,También Online,SI,NO,China,Zhejiang,Hangzhou,,Cosmética orgánica a base de té de Longjing,K086,Lu Ming Tang (露茗堂),,#LuMingTang #TeaCosmetics #FrenchChineseFusion #AntioxidantSkin,Muestra de crema de té verde con cada compra realizada en la web,lumingtang_official,https://weibo.com/u/5729402852,https://www.xiaohongshu.com/user/profile/5a544d67e8ac2b6f4e195dee,https://www.douyin.com/user/MS4wLjABAAAA_lumingtang,https://lumingtang.com
,También Online,SI,NO,China,Shanghái,Shanghái,,Lencería de diseño y loungewear de seda,K087,HER SENSES,,#HerSenses #SilkLingerie #BodyArchitecture #UnderwearDesign,Bolsa de lavado de prendas delicadas gratis en pedidos de conjuntos,hersenses_studio,https://weibo.com/u/7229402853,https://www.xiaohongshu.com/user/profile/5f33e7260000000001003499,https://www.douyin.com/user/MS4wLjABAAAA_hersenses,https://hersenses.com
,También Online,SI,NO,China,Pekín,Pekín,,Lencería artesanal a medida y seda bordada,K088,Pillowbook Lingerie,,#Pillowbook #BespokeLingerie #SilkLoungewear #ArtisanalUnderwear,Envío gratuito en prendas a medida dentro de China continental,pillowbook_couture,https://weibo.com/u/2819402854,https://www.xiaohongshu.com/user/profile/5cd970d40000000010022f99,https://www.douyin.com/user/MS4wLjABAAAA_pillowbook,https://thepillowbook.biz
,También Online,SI,NO,China,Pekín,Pekín,,Alta joyería minimalista en oro de 18 quilates,K089,YIN (隐),,#YINjewelry #18kGold #MinimalistFineJewelry #EastMeetsWest,Póliza de mantenimiento y pulido gratuito por un año,yinjewelry_official,https://weibo.com/u/3919402851,https://www.xiaohongshu.com/user/profile/58410fb350c4b4119859fbaa,https://www.douyin.com/user/MS4wLjABAAAA_yinjewelry,https://yinjewelry.com
,También Online,SI,NO,China,Guangdong,Shenzhen,,Gafas de sol de vanguardia y accesorios faciales,K090,PERCY LAU,,#PercyLau #AvantGardeEyewear #UniqueGlasses #FashionAccessories,Funda rígida de diseño incluida con cada gafa de sol,percylau_official,https://weibo.com/u/3419402853,https://www.xiaohongshu.com/user/profile/58019e0750c4b47a1f6a01dd,https://www.douyin.com/user/MS4wLjABAAAA_percylau,https://percylau.com
,También Online,SI,NO,China,Guangdong,Shenzhen,,Joyería de moda contemporánea y gargantillas,K091,ABYB CHARMING,,#AbybCharming #ChicJewelry #EverydaySparkle #Accessories,Envío gratuito estándar en pedidos de más de 299 RMB,abybcharming_cn,https://weibo.com/u/7429402852,https://www.xiaohongshu.com/user/profile/5f2015890000000001004caa,https://www.douyin.com/user/MS4wLjABAAAA_abybcharming,https://abybcharming.com
,También Online,SI,NO,China,Shanghái,Shanghái,,Joyería fina en oro y piedras semipreciosas,K092,KKLUE,,#KKLUE #FineJewelry #EmpowermentJewelry #ModernGems,10% de rebaja en colgantes seleccionados al suscribirse,kklue_official,https://weibo.com/u/5829402851,https://www.xiaohongshu.com/user/profile/596f0e4b50c4b407421fbc99,https://www.douyin.com/user/MS4wLjABAAAA_kklue,https://kklue.com
,También Online,SI,NO,China,Pekín,Pekín,,Alta joyería escultórica inspirada en tradición oriental,K093,Bao Bao Wan Fine Jewelry,,#BaoBaoWan #HighJewelry #PagodaPendants #ExclusiveGems,Limpieza profesional de joyas de por vida para miembros,baobaowan_jewels,https://weibo.com/u/1629402854,https://www.xiaohongshu.com/user/profile/56ee434750c4b4198c69cb22,https://www.douyin.com/user/MS4wLjABAAAA_baobaowan,https://baobaowan.com
,También Online,SI,NO,China,Pekín,Pekín,,Moda femenina de corte retro y estampados geométricos,K094,Chictopia,,#Chictopia #ChristineLau #RetroChic #QuirkyPrints,Envío exprés gratis a partir de 1200 RMB en pedidos de ropa,chictopia_official,https://weibo.com/u/1719402853,https://www.xiaohongshu.com/user/profile/5742a22050c4b47a1f6a0166,https://www.douyin.com/user/MS4wLjABAAAA_chictopia,http://chictopia.net
,También Online,SI,NO,China,Pekín,Pekín,,Moda de autor femenina y sastrería estructurada,K095,VEGA ZAISHI WANG,,#VegaZaishiWang #CapeCoat #StructuredFashion #IndependentDesigner,15% de descuento en la sección de abrigos de pura lana,vegazaishiwang_cn,https://weibo.com/u/1819402852,https://www.xiaohongshu.com/user/profile/5811c79f50c4b41a54728599,https://www.douyin.com/user/MS4wLjABAAAA_vegazaishiwang,http://vegazaishiwang.com
,También Online,SI,NO,China,Shanghái,Shanghái,,Moda femenina contemporánea de autor,K096,HELEN LEE,,#HelenLee #ShanghaiStyle #ModernUrban #ChicWomenswear,Cupón de 200 RMB aplicable en vestidos de cóctel,helenlee_official,https://weibo.com/u/1939402851,https://www.xiaohongshu.com/user/profile/5858f70050c4b449b29cb166,https://www.douyin.com/user/MS4wLjABAAAA_helenlee,http://www.helenlee.com
,También Online,SI,NO,China,Guangdong,Cantón,,Moda femenina y sastrería arquitectónica minimalista,K097,RICOSTRU,,#Ricostru #RicoManchitAu #ArchitecturalFashion #MinimalWomen,Envío nacional sin costo en compras superiores a 1500 RMB,ricostru_official,https://weibo.com/u/2019402854,https://www.xiaohongshu.com/user/profile/5b682cfc12ac2b0833a1e9e4,https://www.douyin.com/user/MS4wLjABAAAA_ricostru,https://ricostru.com
,También Online,SI,NO,China,Guangdong,Shenzhen,,Prendas de punto fino y diseño con formas orgánicas,K098,i-am-chen (支晨),,#iamchen #ZhiChen #KnitwearTechnique #ColorBlocking,5% de descuento al adquirir 2 o más piezas de la colección de punto,iamchen_studio,https://weibo.com/u/6129402853,https://www.xiaohongshu.com/user/profile/5c1a1796000000000800fa55,https://www.douyin.com/user/MS4wLjABAAAA_iamchen,https://i-am-chen.com
,También Online,SI,NO,China,Shanghái,Shanghái,,"Flores, fragancias de hogar y artículos de decoración",K099,THE BEAST (野兽派),,#TheBeastHome #LifestyleStore #SilkPajamas #HomeScents,Mini vela perfumada de obsequio en órdenes mayores a 450 RMB,thebeast_official,https://weibo.com/u/2619402851,https://www.xiaohongshu.com/user/profile/5829158a50c4b47a1f6a0188,https://www.douyin.com/user/MS4wLjABAAAA_thebeast,https://www.thebeastshop.com
,También Online,SI,NO,China,Shanghái,Shanghái,,Moda de estilo de vida lento y ropa en algodón orgánico,K100,klee klee,,#klee_klee #SlowFashion #EcoFriendlyApparel #NaturalLiving,Bolsa de tela de algodón orgánico por compras superiores a 800 RMB,kleeklee_official,https://weibo.com/u/5929402854,https://www.xiaohongshu.com/user/profile/597c416e50c4b42319208a88,https://www.douyin.com/user/MS4wLjABAAAA_kleeklee,https://kleeklee.cn