,,,,,,,,,,,,,,
,LOGO SITIO,",",SPOTLIGHT,,ENG SPOTLIGHT,,NOTICIAS,,POP UP,,CSV PAIS,,DIRECTORIO ,
,,",",,,,,,,,,,,,
,https://raw.githubusercontent.com/dmgm1999-web/Roos-Capital-MX-Assets/main/ROOS%20CAPITAL%20LOGO.png,",",https://raw.githubusercontent.com/dmgm1999-web/Roos-Capital-MX-Assets/main/RCBANNER%20(1).png,",",https://raw.githubusercontent.com/dmgm1999-web/Roos-Capital-MX-Assets/main/RCBANNER%2010.png,,DECISIÓN ClAVE: HASTA EL 85% DE TODAS LAS COMPRAS DE CONSUMO EN EL PLANETA SON DECIDIDAS POR MUJERES.,.,*,,0000 - Beneficencia,,,.
,,,https://raw.githubusercontent.com/dmgm1999-web/Roos-Capital-MX-Assets/main/RCBANNER%20(5).png,",",https://raw.githubusercontent.com/dmgm1999-web/Roos-Capital-MX-Assets/main/RCBANNER11.png,,"UN Women Entrepreneurship Expo (2026/2027): Un ciclo integral de bootcamps, mentoría, aceleración y preparación de pitch de inversión para empresas lideradas por mujeres que buscan levantar capital en etapas tempranas.",.,*,,A000 - México,,https://docs.google.com/spreadsheets/d/e/2PACX-1vRgzPgCsRliMG1EjM8FNWWrUHqo4ZybtOVwdg91JnYEAavKJtMijiS-Ii_2R8J75jTOZxoNbVyucOpv/pub?output=csv,.
,,,https://raw.githubusercontent.com/dmgm1999-web/Roos-Capital-MX-Assets/main/RCBANNER%20(6).png,",",https://raw.githubusercontent.com/dmgm1999-web/Roos-Capital-MX-Assets/main/RCBANNER12.png,,MÁS QUE POTENCIAS: EL PODER DE COMPRA FEMENINO SUPERA A LAS ECONOMÍAS DE CHINA E INDIA JUNTAS.,.,*,,B000 - España,,https://docs.google.com/spreadsheets/d/e/2PACX-1vQ6oDGOAnICJi-GqJQdjYKTr45hqhI6aAx9JKhfnE9-8z1hV-2vz2HY6FZHOLjIoFy42BjddI75-Y1_/pub?output=csv,.
,,,https://raw.githubusercontent.com/dmgm1999-web/Roos-Capital-MX-Assets/main/RCBANNER%20(8).png,",",https://raw.githubusercontent.com/dmgm1999-web/Roos-Capital-MX-Assets/main/RCBANNER13.png,,"Pave Her Way Grant Program (2026/2027): Mantiene abiertos tres ejes de financiamiento de capital semilla a fondo perdido: el Change Agent Prize y Disruptor Award (de hasta 90,000 USD cada uno) y un fondo de asistencia de hasta 30,000 USD",.,*,,C000 - USA,,https://docs.google.com/spreadsheets/d/e/2PACX-1vRZo2YNYEkuqbkiwP0EsfYyuKQPARi1k-QFv2u-1XI3TsLyoiv9Mt9YO2hbLc8Vh21uG02DddoyGekC/pub?output=csv,.
,,,https://raw.githubusercontent.com/dmgm1999-web/Roos-Capital-MX-Assets/main/RCBANNER%20(1).png,",",https://raw.githubusercontent.com/dmgm1999-web/Roos-Capital-MX-Assets/main/RCBANNER14.png,,"EFECTO MULTIPLICADOR: LAS MUJERES REINVIERTEN EL 90% DE SUS INGRESOS EN EDUCACIÓN, SALUD Y COMUNIDAD.",.,*,,D000 - Colombia,,https://docs.google.com/spreadsheets/d/e/2PACX-1vQvO076oNxJCx0EVGTx_CJDCT_eudGqtSh_lFO9G6Xu0dRgQepfcXSwGJoXUJeefBhA4SDqSGYdgNJO/pub?output=csv,.
,,,https://raw.githubusercontent.com/dmgm1999-web/Roos-Capital-MX-Assets/main/RCBANNERQ.png,",",https://raw.githubusercontent.com/dmgm1999-web/Roos-Capital-MX-Assets/main/RCBANNER15.png,,"Women Founders Grant (Convocatoria Mensual Continua): Otorga un fondo mensual de 5,000 USD no reembolsables para negocios liderados al menos en un 51% por mujeres, cerrando postulaciones el último día de cada mes de forma ininterrumpida",.,*,,E000 - Argentina,,https://docs.google.com/spreadsheets/d/e/2PACX-1vSKCNsrzwUygwaCZ_s0Q1V4Pxm8T1tG2YKrKRPj_HoKxVrsu6S9CKJhou4aIR3DQ87t94MADovC-AYA/pub?output=csv,.
,,,,,,,,.,*,,F000 - Chile,,https://docs.google.com/spreadsheets/d/e/2PACX-1vQLnJrl2JJEF6RU4CkPRyACYyzAG5K43pR2c9GvwRbY-NIcXU4zss0l6_9UYXjPZhbNk9rMqSF8O0lz/pubhtml,.
,,,,,,,,.,*,,G000 - Italia,,https://docs.google.com/spreadsheets/d/e/2PACX-1vQfsSKmpHMMyC0b91zcTFR4TTb8ooT08aCJWxg5qGdf9IPjtf7Ynw0DoDEUrvCuzYU9KeXOTAPf9ekN/pub?output=csv,.
,,,,,,,,.,*,,H000 - Francia,,https://docs.google.com/spreadsheets/d/e/2PACX-1vRGjMyCbdtaotdLSKfdStyAyZyancK0cam1oxwlOb3sljn29MvtO2WhxhAdr1Mr4x1tmBHNY8aQTFph/pub?output=csv,.
,,,,,,,,.,*,,I000 - Corea,,https://docs.google.com/spreadsheets/d/e/2PACX-1vS_4TR7B0z1R7ghhTNYVb4PmmZizMkyyYC-Wz01bV7wjFO18ISKl1ioxbr6-p-Mu1Ltjv4MkgErj4g0/pub?output=csv,.
,,,,,,,,.,*,,J000 - Japon,,https://docs.google.com/spreadsheets/d/e/2PACX-1vTnNHxfbZzAxdP5oST3CJqz3kXEzfMuvMx1imLiU3Un0npHBIXN96gTProK66SEM_Gcg1NR96qRLC_d/pub?output=csv,.
,,,,,,,,.,*,,K000 - China,,https://docs.google.com/spreadsheets/d/e/2PACX-1vTRgyUOl8ot9ClxYCi2TxtDAtE89JVYdjWVLo10murVnyr16n0vmdpk92lMxyY-7j70pCf8wIzhobEj/pub?output=csv,.
,,,,,,,,.,*,,,,,.
,,,,,,,,.,*,,,,,.
,,,,,,,,.,*,,,,,.
,,,,,,,,.,*,,,,,.
,,,,,,,,.,*,,,,,.
,,,,,,,,.,*,,,,,.
,,,,,,,,.,*,,,,,.
,,,,,,,,.,*,,,,,.
,,,,,,,,.,*,,,,,.
,,,,,,,,.,*,,,,,.
,,,,,,,,.,*,,,,,.
,,,,,,,,.,*,,,,,.
,,,,,,,,.,*,,,,,.
,,,,,,,,.,*,,,,,.
,,,,,,,,.,*,,,,,.
,,,,,,,,.,*,,,,,.
,,,,,,,,.,*,,,,,.
,,,,,,,,.,*,,,,,.
,,,,,,,,.,*,,,,,.
,,,,,,,,,*,,,,,.
,,,,,,,,,,,,,,.