,,,,,,,,,,,,
,,,,,,,,,,,,
,,,,,,,,,,,,
,,,,,,,,,,,,
PAIS,CIUDAD,LOGO,CATEGORIA,ID,NOMBRE DE LA EMPRESA,PROMO,ANUNCIO,WHATSAPP,FACEBOOK,INSTAGRAM,TIKTOK,SITIO WEB
México,Monterrey,https://raw.githubusercontent.com/dmgm1999-web/Roos-Capital-MX-Assets/main/ROOS%20LOGO%20ANUNCIOS.png,Moda,Z001,Ellas Boutique,50% de desc.,,,,,,
USA,Nueva York,https://raw.githubusercontent.com/dmgm1999-web/Roos-Capital-MX-Assets/main/ROOS%20LOGO%20ANUNCIOS.png,Bienestar,Z002,Rose & Co.,Cupo limitado,,,,,,
Colombia,Cartagena,https://raw.githubusercontent.com/dmgm1999-web/Roos-Capital-MX-Assets/main/ROOS%20LOGO%20ANUNCIOS.png,Salud,Z003,Vida Plena,Cita Previa,,,,,,
USA,Los Angeles,https://raw.githubusercontent.com/dmgm1999-web/Roos-Capital-MX-Assets/main/ROOS%20LOGO%20ANUNCIOS.png,Belleza,Z004,Sofy Lashes,2 x 1,,,,,,
España,Madrid,https://raw.githubusercontent.com/dmgm1999-web/Roos-Capital-MX-Assets/main/ROOS%20LOGO%20ANUNCIOS.png,Floreria,Z005,LILAS,25 % de desc,,,,,,
México,San Pedro Garza García,https://raw.githubusercontent.com/dmgm1999-web/Roos-Capital-MX-Assets/main/ROOS%20LOGO%20ANUNCIOS.png,Alimentos,Z006,El Fogón de Abuela,Reserva en línea,,,,,,
México,Monterrey,https://raw.githubusercontent.com/dmgm1999-web/Roos-Capital-MX-Assets/main/ROOS%20LOGO%20ANUNCIOS.png,Arte,Z007,Lienzo Blanco,Desde $25 USD,,,,,,
España,Valencia,https://raw.githubusercontent.com/dmgm1999-web/Roos-Capital-MX-Assets/main/ROOS%20LOGO%20ANUNCIOS.png,Diseño,Z008,Casa y Alma,Los mejores diseños,,,,,,
Argentina,Mar de Plata,https://raw.githubusercontent.com/dmgm1999-web/Roos-Capital-MX-Assets/main/ROOS%20LOGO%20ANUNCIOS.png,Joyería,Z009,Oro Violeta,50% de desc.,,,,,,
USA,Texas,https://raw.githubusercontent.com/dmgm1999-web/Roos-Capital-MX-Assets/main/ROOS%20LOGO%20ANUNCIOS.png,Belleza,Z010,Uñas Mari,Luce tus uñas,,,,,,
Colombia,Bogotá,https://raw.githubusercontent.com/dmgm1999-web/Roos-Capital-MX-Assets/main/ROOS%20LOGO%20ANUNCIOS.png,Digital,Z011,Bitácora Digital ,Desde $30 USD,,,,,,
España,Málaga,https://raw.githubusercontent.com/dmgm1999-web/Roos-Capital-MX-Assets/main/ROOS%20LOGO%20ANUNCIOS.png,E commerce,Z012,Click Tienda,2 x 1,,,,,,
Argentina,Buenos Aires,https://raw.githubusercontent.com/dmgm1999-web/Roos-Capital-MX-Assets/main/ROOS%20LOGO%20ANUNCIOS.png,Cuidado Infantil,Z013,Peques Felices,Servicio a domicilio,,,,,,
México,Monterrey,https://raw.githubusercontent.com/dmgm1999-web/Roos-Capital-MX-Assets/main/ROOS%20LOGO%20ANUNCIOS.png,Veterinaria,Z014,Patitas Contentas,Cita Previa,,,,,,
México,Monterrey,https://raw.githubusercontent.com/dmgm1999-web/Roos-Capital-MX-Assets/main/ROOS%20LOGO%20ANUNCIOS.png,Arquitectura,Z015,Línea Recta,Agenta tu llamada,,,,,,
México,Apodaca,https://raw.githubusercontent.com/dmgm1999-web/Roos-Capital-MX-Assets/main/ROOS%20LOGO%20ANUNCIOS.png,Alimentos,Z016,Sazón y Salsa,El mejor sazón,,,,,,
España,Alicante,https://raw.githubusercontent.com/dmgm1999-web/Roos-Capital-MX-Assets/main/ROOS%20LOGO%20ANUNCIOS.png,Pastelería,Z017,Dulces de María,Envío internacional,,,,,,
México,Guadalupe,https://raw.githubusercontent.com/dmgm1999-web/Roos-Capital-MX-Assets/main/ROOS%20LOGO%20ANUNCIOS.png,Bebidas,Z018,Sabor Natural ,Somos Proveedores,,,,,,
México,Linares,https://raw.githubusercontent.com/dmgm1999-web/Roos-Capital-MX-Assets/main/ROOS%20LOGO%20ANUNCIOS.png,Sustentabilidad,Z019,Eco Vida,Ayuda al planeta,,,,,,
México,San Pedro Garza García,https://raw.githubusercontent.com/dmgm1999-web/Roos-Capital-MX-Assets/main/ROOS%20LOGO%20ANUNCIOS.png,Turismo,Z020,Ruta Alternativa,2 x 1,,,,,,
México,Monterrey,https://raw.githubusercontent.com/dmgm1999-web/Roos-Capital-MX-Assets/main/ROOS%20LOGO%20ANUNCIOS.png,Floreria,Z021,Pétalo Rosa,Bouquets y más,,,,,,
México,Monterrey,https://raw.githubusercontent.com/dmgm1999-web/Roos-Capital-MX-Assets/main/ROOS%20LOGO%20ANUNCIOS.png,Artesanias,Z022,Manos Creativas,Compra en línea,,,,,,
México,Apodaca,https://raw.githubusercontent.com/dmgm1999-web/Roos-Capital-MX-Assets/main/ROOS%20LOGO%20ANUNCIOS.png,Salud,Z023,Mente Sana,Cita Previa,,,,,,
México,San Nicolás,https://raw.githubusercontent.com/dmgm1999-web/Roos-Capital-MX-Assets/main/ROOS%20LOGO%20ANUNCIOS.png,Muebleria,Z024,El Almacén,Tenemos cuponera!,,,,,,
México,Guadalupe,https://raw.githubusercontent.com/dmgm1999-web/Roos-Capital-MX-Assets/main/ROOS%20LOGO%20ANUNCIOS.png,Alimentos,Z025,Corazón de Chef,Vamos a eventos,,,,,,
México,Linares,https://raw.githubusercontent.com/dmgm1999-web/Roos-Capital-MX-Assets/main/ROOS%20LOGO%20ANUNCIOS.png,Mensajerias,Z026,Puerta a Puerta,Servicio online unicamente,,,,,,
Colombia,Cartagena,https://raw.githubusercontent.com/dmgm1999-web/Roos-Capital-MX-Assets/main/ROOS%20LOGO%20ANUNCIOS.png,Espiritualidad,Z027,Luz Interior,Cita Previa,,,,,,
España,Madrid,https://raw.githubusercontent.com/dmgm1999-web/Roos-Capital-MX-Assets/main/ROOS%20LOGO%20ANUNCIOS.png,Turismo,Z028,Ruta y Destino,2 x 1,,,,,,
Chile,Santiago,https://raw.githubusercontent.com/dmgm1999-web/Roos-Capital-MX-Assets/main/ROOS%20LOGO%20ANUNCIOS.png,Productos naturales,Z029,Esencia Natural,25 % de desc,,,,,,
Chile,Santiago,https://raw.githubusercontent.com/dmgm1999-web/Roos-Capital-MX-Assets/main/ROOS%20LOGO%20ANUNCIOS.png,Reposteria,Z030,Dulce Tentación,Hacemos catering,,,,,,
España,Barcelona,https://raw.githubusercontent.com/dmgm1999-web/Roos-Capital-MX-Assets/main/ROOS%20LOGO%20ANUNCIOS.png,Alimentos,Z031,Fogón y Sazón,Platillos desde $10 USD,,,,,,
Argentina,Mar de Plata,https://raw.githubusercontent.com/dmgm1999-web/Roos-Capital-MX-Assets/main/ROOS%20LOGO%20ANUNCIOS.png,Cuidado Adulto Mayor,Z032,Vida Digna,Servicio a domicilio,,,,,,
Colombia,Cartagena,https://raw.githubusercontent.com/dmgm1999-web/Roos-Capital-MX-Assets/main/ROOS%20LOGO%20ANUNCIOS.png,Cuidado Infantil,Z033,Pequeños Pasos,50% de desc.,,,,,,
México,San Pedro Garza García,https://raw.githubusercontent.com/dmgm1999-web/Roos-Capital-MX-Assets/main/ROOS%20LOGO%20ANUNCIOS.png,Educación,Z034,Aprende y Crece,Cupo limitado,,,,,,
México,Monterrey,https://raw.githubusercontent.com/dmgm1999-web/Roos-Capital-MX-Assets/main/ROOS%20LOGO%20ANUNCIOS.png,Recursos Humanos,Z035,Talento Humano,Servicio remoto,,,,,,
México,Monterrey,https://raw.githubusercontent.com/dmgm1999-web/Roos-Capital-MX-Assets/main/ROOS%20LOGO%20ANUNCIOS.png,Finanzas,Z036,Números Claros,2 x 1,,,,,,
USA,Texas,https://raw.githubusercontent.com/dmgm1999-web/Roos-Capital-MX-Assets/main/ROOS%20LOGO%20ANUNCIOS.png,IT,Z037,Lógica Digital,25 % de desc,,,,,,
México,San Nicolás,https://raw.githubusercontent.com/dmgm1999-web/Roos-Capital-MX-Assets/main/ROOS%20LOGO%20ANUNCIOS.png,Marketing,Z038,Conecta Social,Reserva en línea,,,,,,
USA,Seattle,https://raw.githubusercontent.com/dmgm1999-web/Roos-Capital-MX-Assets/main/ROOS%20LOGO%20ANUNCIOS.png,Fotografía,Z039,Instax,Desde $15 USD,,,,,,